{"type": "FeatureCollection", "features": [{"type": "Feature", "geometry": {"type": "Polygon", "coordinates": [[[91.6456133, 26.130026], [91.6454686, 26.1301036], [91.6457721, 26.1303488], [91.6461924, 26.1303866], [91.6461977, 26.1306967], [91.6462781, 26.1310163], [91.6464388, 26.1311259], [91.6465371, 26.131964], [91.6458356, 26.1321016], [91.6456908, 26.1321883], [91.6456532, 26.1322798], [91.645723, 26.1326218], [91.6458195, 26.1327422], [91.6460288, 26.1330119], [91.6461521, 26.133479], [91.646474, 26.1334742], [91.64693, 26.1334694], [91.6470802, 26.1335368], [91.6471446, 26.1337776], [91.6472626, 26.1338161], [91.6481155, 26.1337439], [91.6481101, 26.133532], [91.6480726, 26.1331323], [91.6481262, 26.1329541], [91.6481528, 26.1328644], [91.6481264, 26.1325115], [91.6481654, 26.1324365], [91.6482306, 26.1323967], [91.6482896, 26.1324748], [91.6484667, 26.132704], [91.6486089, 26.1327368], [91.6486478, 26.1325702], [91.648796, 26.1325254], [91.648634, 26.132267], [91.648397, 26.1320472], [91.648204, 26.1319529], [91.6479147, 26.1319956], [91.6476601, 26.1320383], [91.6474141, 26.1321127], [91.647356, 26.1317641], [91.6476904, 26.1313271], [91.647879, 26.1311374], [91.647984, 26.1310908], [91.6480634, 26.1309061], [91.6482264, 26.1309197], [91.6479818, 26.1302591], [91.6480978, 26.1301853], [91.6483033, 26.1302021], [91.6485949, 26.1303769], [91.6486445, 26.130647], [91.6489743, 26.1306655], [91.6492789, 26.1301827], [91.6501425, 26.1299285], [91.6502546, 26.1297775], [91.6504554, 26.1297943], [91.6506095, 26.1297314], [91.650843, 26.1296811], [91.6511046, 26.1296308], [91.6513158, 26.129706], [91.6514587, 26.1302718], [91.6515302, 26.1306135], [91.6510902, 26.130894], [91.6508961, 26.1310857], [91.6504459, 26.1312385], [91.6505375, 26.1313577], [91.650758, 26.131462], [91.6507975, 26.1317543], [91.6510984, 26.1317951], [91.6517885, 26.1315222], [91.6521522, 26.1316038], [91.6522731, 26.130763], [91.6524182, 26.1307113], [91.6530404, 26.1311929], [91.6531907, 26.1314434], [91.653534, 26.1315782], [91.6537271, 26.1317709], [91.6540704, 26.1318479], [91.6542635, 26.131925], [91.6543494, 26.1321562], [91.6544253, 26.1324024], [91.6542744, 26.132607], [91.6524435, 26.1319848], [91.6520593, 26.1317521], [91.6515013, 26.1320007], [91.6519353, 26.132264], [91.651674, 26.1326805], [91.6519218, 26.1330146], [91.6520284, 26.1332514], [91.6517328, 26.1337445], [91.6514955, 26.1339838], [91.6514697, 26.1343106], [91.6511334, 26.134541], [91.6508149, 26.1345534], [91.6504964, 26.1345803], [91.6504788, 26.1349212], [91.6508189, 26.1348387], [91.6514801, 26.1347567], [91.6518268, 26.1349469], [91.6520557, 26.1349616], [91.652097, 26.1347208], [91.6520083, 26.1343924], [91.6520922, 26.134232], [91.6521787, 26.1338966], [91.6524115, 26.133678], [91.6526072, 26.1334022], [91.6525914, 26.1330972], [91.6524297, 26.1327939], [91.6525999, 26.1326298], [91.6530044, 26.1326745], [91.6537931, 26.1329701], [91.6540432, 26.1331641], [91.6541234, 26.1333962], [91.653907, 26.1336824], [91.6538412, 26.1339526], [91.6535394, 26.1342784], [91.6536905, 26.1344644], [91.65423, 26.1342548], [91.6545492, 26.13415], [91.6544721, 26.1338546], [91.6548573, 26.1334863], [91.6553364, 26.1330808], [91.6555274, 26.1329886], [91.6557507, 26.1330891], [91.6558138, 26.1332222], [91.6557911, 26.1334901], [91.6557881, 26.1337677], [91.6557261, 26.1338952], [91.6557391, 26.1340611], [91.6558188, 26.1341426], [91.6559139, 26.1343247], [91.6560271, 26.1343171], [91.6561189, 26.1341361], [91.6561094, 26.1339667], [91.6561654, 26.1338109], [91.6562607, 26.1337706], [91.6567038, 26.1341043], [91.6570987, 26.1341875], [91.6571815, 26.1343659], [91.6569083, 26.1346815], [91.6572141, 26.1349301], [91.657262, 26.1351298], [91.6572725, 26.1354302], [91.6567941, 26.1358763], [91.6564054, 26.136049], [91.6561849, 26.1365236], [91.6558082, 26.1366019], [91.6553647, 26.1364958], [91.6551348, 26.1364135], [91.6547179, 26.1364189], [91.6539736, 26.1363128], [91.6543107, 26.1365863], [91.6544994, 26.1366992], [91.654745, 26.1367682], [91.6546306, 26.1370063], [91.6545287, 26.1371363], [91.6545894, 26.1374561], [91.6545123, 26.1376017], [91.6538233, 26.1378314], [91.6540805, 26.1380083], [91.6544516, 26.1379152], [91.6545981, 26.1378564], [91.6547568, 26.1377832], [91.6548586, 26.1375932], [91.6549733, 26.1374237], [91.6551864, 26.1370993], [91.65532, 26.1369687], [91.6556591, 26.1370159], [91.6557512, 26.137114], [91.655691, 26.1376674], [91.6556854, 26.1380536], [91.6553288, 26.1383197], [91.6547986, 26.1388498], [91.6550335, 26.1388155], [91.655212, 26.138875], [91.655488, 26.1385185], [91.6558423, 26.1383377], [91.6566497, 26.1377019], [91.656457, 26.1374239], [91.6563562, 26.1371744], [91.6567895, 26.1366596], [91.6570547, 26.1363796], [91.6573682, 26.1362656], [91.6575853, 26.1363633], [91.6578584, 26.137031], [91.6582903, 26.1374095], [91.6585618, 26.1373658], [91.6581981, 26.1368358], [91.6579751, 26.1362787], [91.6580801, 26.1356007], [91.6581139, 26.1352198], [91.657961, 26.1350066], [91.6579514, 26.1343237], [91.6582877, 26.1341865], [91.6584371, 26.1340157], [91.6582876, 26.133901], [91.6579887, 26.1339204], [91.6578019, 26.1338083], [91.657559, 26.1335444], [91.6572225, 26.133503], [91.6569606, 26.1333364], [91.6568097, 26.1327704], [91.6567787, 26.132284], [91.6572891, 26.1318094], [91.6576324, 26.1311929], [91.6582547, 26.1317516], [91.659113, 26.1321369], [91.6599634, 26.1319595], [91.6599788, 26.1322679], [91.6603295, 26.1321265], [91.6606447, 26.132171], [91.6612106, 26.132761], [91.6610014, 26.1335941], [91.6604748, 26.1340291], [91.6612299, 26.1340658], [91.6611677, 26.1348922], [91.6614144, 26.1349594], [91.6611657, 26.1353415], [91.6609416, 26.1353168], [91.660674, 26.1351452], [91.6607787, 26.1350469], [91.6607399, 26.134964], [91.6606045, 26.1348908], [91.66046, 26.1349736], [91.6600642, 26.1345532], [91.6596249, 26.1341649], [91.6592604, 26.1338406], [91.6591105, 26.1338873], [91.6590461, 26.1339402], [91.6590408, 26.1340077], [91.6589925, 26.1340703], [91.6590408, 26.1341329], [91.659148, 26.1341955], [91.6595021, 26.1346482], [91.6597596, 26.1349227], [91.6598722, 26.1351105], [91.6600546, 26.1353176], [91.6600707, 26.1353802], [91.6602585, 26.1354958], [91.6605971, 26.1357757], [91.6609489, 26.1361509], [91.6612859, 26.13652], [91.6615733, 26.1368053], [91.6636738, 26.1388201], [91.663385, 26.1388194], [91.6626847, 26.1388831], [91.6621638, 26.138842], [91.6617342, 26.1387817], [91.6613031, 26.1387304], [91.6611623, 26.1387844], [91.6611709, 26.1392157], [91.661152, 26.1394897], [91.6611706, 26.1396058], [91.6614554, 26.1396513], [91.6615745, 26.1395776], [91.6617869, 26.1394117], [91.6618928, 26.1394803], [91.661849, 26.1396207], [91.6616893, 26.1397852], [91.6623193, 26.1398591], [91.6625617, 26.1398952], [91.6626268, 26.139738], [91.6629509, 26.1395361], [91.6632832, 26.1397604], [91.6638927, 26.139832], [91.6643962, 26.1400483], [91.6659072, 26.1406706], [91.6663024, 26.1405942], [91.6668765, 26.1401966], [91.6665805, 26.139799], [91.6665578, 26.13978], [91.6662212, 26.139498], [91.6657642, 26.1394014], [91.6654053, 26.1392842], [91.6648732, 26.1391104], [91.6642458, 26.1386013], [91.6636306, 26.1376817], [91.6639611, 26.1374502], [91.6642233, 26.1372666], [91.6640354, 26.1370558], [91.6634646, 26.1373788], [91.6628595, 26.1369592], [91.6626529, 26.1367001], [91.6624764, 26.1363953], [91.6625745, 26.1362462], [91.6624122, 26.1361716], [91.6619897, 26.1361846], [91.661812, 26.1360906], [91.6616929, 26.1357409], [91.6621622, 26.1353772], [91.6618509, 26.1351741], [91.6624659, 26.134331], [91.6626161, 26.1344851], [91.6631847, 26.1346392], [91.6633778, 26.1350341], [91.6634958, 26.1353038], [91.6639035, 26.1354772], [91.6640216, 26.1358336], [91.6643166, 26.1360888], [91.6645258, 26.1363152], [91.6645258, 26.1365945], [91.6646331, 26.1369316], [91.6648799, 26.1367968], [91.6652768, 26.1370664], [91.6651588, 26.1372205], [91.6652554, 26.1374324], [91.6658669, 26.1380489], [91.6660386, 26.1379526], [91.6656631, 26.1372205], [91.6656523, 26.1369509], [91.6656703, 26.1366575], [91.6655665, 26.1364307], [91.6654699, 26.1357661], [91.6655611, 26.1352749], [91.6654056, 26.135169], [91.6649013, 26.1347548], [91.6646867, 26.1343792], [91.6651481, 26.1342058], [91.6657221, 26.1342154], [91.665824, 26.1338494], [91.6662117, 26.133392], [91.6660728, 26.1334048], [91.6651695, 26.1338879], [91.6650326, 26.1338621], [91.6661982, 26.1331979], [91.6661226, 26.1331518], [91.6651411, 26.1335887], [91.6646975, 26.1338109], [91.6640752, 26.1336471], [91.6636246, 26.1334834], [91.663646, 26.1331174], [91.6639132, 26.1330329], [91.6639061, 26.1323313], [91.6640223, 26.1320057], [91.6643022, 26.131854], [91.6647604, 26.1318714], [91.6655158, 26.1324787], [91.6659842, 26.1328217], [91.6664803, 26.1333554], [91.6666083, 26.1332028], [91.6668655, 26.1327771], [91.6660043, 26.1321861], [91.6656057, 26.1319575], [91.6653629, 26.1316355], [91.6651675, 26.1312089], [91.6648242, 26.1313798], [91.663892, 26.1315252], [91.6635986, 26.1315034], [91.6634017, 26.1315394], [91.6634536, 26.1318192], [91.6633356, 26.1321575], [91.6632334, 26.1322272], [91.6628494, 26.1321517], [91.6619591, 26.1311571], [91.6616519, 26.1306948], [91.6617165, 26.1305044], [91.6618141, 26.1303876], [91.6621271, 26.1301686], [91.6625113, 26.1300007], [91.6632482, 26.1302599], [91.6637658, 26.130467], [91.663912, 26.1305594], [91.664042, 26.1305496], [91.6639932, 26.1302332], [91.6637004, 26.1301699], [91.6636513, 26.1300334], [91.6633416, 26.1299501], [91.6630637, 26.1297544], [91.6627492, 26.1294679], [91.6628711, 26.1290226], [91.6631029, 26.1289058], [91.6632187, 26.1289788], [91.6633173, 26.1289204], [91.6633834, 26.1287014], [91.6635501, 26.1285846], [91.663796, 26.1285554], [91.6639008, 26.1288291], [91.6638945, 26.1289997], [91.6640671, 26.129404], [91.6642058, 26.1297605], [91.6642794, 26.1297813], [91.6640038, 26.1289176], [91.6641592, 26.1288715], [91.6642171, 26.1286649], [91.6647519, 26.1285846], [91.6650411, 26.1284532], [91.6650996, 26.1288401], [91.6651955, 26.1292251], [91.6654549, 26.1291768], [91.6654703, 26.1289386], [91.6657614, 26.1289076], [91.6658573, 26.128424], [91.6661598, 26.1284459], [91.6663354, 26.1286101], [91.6664964, 26.1286484], [91.666561, 26.1291654], [91.6668942, 26.1295333], [91.6672722, 26.1298487], [91.6673717, 26.130094], [91.6673966, 26.1303634], [91.6673359, 26.130644], [91.6674193, 26.1308355], [91.6676491, 26.1307933], [91.6678952, 26.1310614], [91.6680508, 26.1308086], [91.6677998, 26.1305119], [91.6677879, 26.1302597], [91.6679266, 26.1300473], [91.668325, 26.1299601], [91.6685763, 26.1301093], [91.6686857, 26.1298189], [91.6686324, 26.1297183], [91.6687447, 26.1295057], [91.6689302, 26.1294756], [91.669066, 26.1295776], [91.6691856, 26.1292853], [91.669606, 26.1288252], [91.6696524, 26.1284381], [91.6697371, 26.1282699], [91.6691714, 26.1283207], [91.6684628, 26.1283202], [91.668314, 26.1285234], [91.6684881, 26.128638], [91.6682996, 26.1288232], [91.6679875, 26.1289601], [91.6676501, 26.1289384], [91.6676338, 26.1285519], [91.6674712, 26.1283148], [91.667211, 26.128326], [91.6668694, 26.1283712], [91.666674, 26.1282428], [91.666511, 26.1280297], [91.6665341, 26.1279038], [91.6669436, 26.1274519], [91.6672004, 26.1272659], [91.6673952, 26.1276168], [91.6675089, 26.1281462], [91.6677609, 26.1281554], [91.667834, 26.1275951], [91.6680127, 26.1274859], [91.6685491, 26.1274898], [91.6685409, 26.1273019], [91.6685836, 26.1269374], [91.6684179, 26.1268938], [91.6680083, 26.1268357], [91.6676057, 26.1267344], [91.6675421, 26.1266658], [91.6672475, 26.126348], [91.6668719, 26.1270361], [91.6663936, 26.1274526], [91.6661463, 26.1270841], [91.6660291, 26.127212], [91.6660224, 26.1273949], [91.6659928, 26.1276876], [91.6659231, 26.1277779], [91.665758, 26.1277888], [91.665609, 26.1276857], [91.6654274, 26.1277286], [91.6652758, 26.1278582], [91.6645497, 26.1281028], [91.6643672, 26.1280736], [91.6642615, 26.127986], [91.6641396, 26.1278983], [91.6640969, 26.1272924], [91.6641975, 26.1270917], [91.6643365, 26.126859], [91.6648007, 26.1267723], [91.6647907, 26.1263856], [91.6651516, 26.1263237], [91.6651207, 26.1258109], [91.6647808, 26.1258237], [91.6645644, 26.1257801], [91.6645269, 26.1261014], [91.6642892, 26.1265104], [91.6640379, 26.1259273], [91.6638504, 26.1265351], [91.6636095, 26.126507], [91.6633833, 26.1263251], [91.6631896, 26.1263913], [91.663342, 26.1266126], [91.6637442, 26.12688], [91.6637594, 26.127599], [91.6636598, 26.1278399], [91.6635704, 26.1278326], [91.6633427, 26.1278545], [91.6628874, 26.1274822], [91.6627736, 26.1272815], [91.6626435, 26.1270935], [91.6623833, 26.1270661], [91.6622247, 26.1271902], [91.662245, 26.1274019], [91.6624483, 26.1275333], [91.6629036, 26.1281758], [91.6626516, 26.128351], [91.6623873, 26.1281393], [91.6622522, 26.1283017], [91.6623284, 26.1286247], [91.6622532, 26.1287744], [91.6620174, 26.1289277], [91.6617877, 26.1286156], [91.6616403, 26.1282259], [91.6611352, 26.1278217], [91.6609774, 26.1282481], [91.6612424, 26.1283678], [91.6613821, 26.1287388], [91.6614502, 26.1290572], [91.661619, 26.1294168], [91.6615133, 26.1295482], [91.6612449, 26.1297015], [91.6610207, 26.1297942], [91.6604325, 26.1299724], [91.6601572, 26.1302903], [91.6598856, 26.1304059], [91.6593705, 26.130249], [91.6592417, 26.1299022], [91.6593061, 26.129671], [91.6602717, 26.1293821], [91.6599069, 26.128939], [91.6596223, 26.1285319], [91.6595989, 26.1279335], [91.6590226, 26.1274519], [91.6590353, 26.1271162], [91.6592048, 26.1268744], [91.6597646, 26.1266326], [91.6597784, 26.1263825], [91.6592856, 26.1263205], [91.6588529, 26.1265177], [91.6585205, 26.1268975], [91.6582298, 26.1271753], [91.6583619, 26.1276868], [91.6576324, 26.1285152], [91.6570946, 26.1286094], [91.656817, 26.1291124], [91.6563664, 26.1285922], [91.6563235, 26.1282069], [91.6567955, 26.1276097], [91.6568599, 26.126685], [91.6569887, 26.1260685], [91.6568385, 26.1255291], [91.6563664, 26.1255291], [91.656581, 26.1260685], [91.6559587, 26.1267235], [91.6563449, 26.1271666], [91.656302, 26.1274941], [91.6561089, 26.1276482], [91.6558085, 26.1275134], [91.6558085, 26.1277253], [91.6557012, 26.1281299], [91.6552506, 26.1281491], [91.6551433, 26.1283996], [91.6554008, 26.1287078], [91.655787, 26.129228], [91.6558299, 26.1298637], [91.6559372, 26.1301719], [91.6556583, 26.1305957], [91.6551218, 26.1306343], [91.6546712, 26.1304802], [91.6546283, 26.129883], [91.6546498, 26.1295362], [91.654285, 26.1291702], [91.6540275, 26.1294206], [91.6535983, 26.1289582], [91.6531907, 26.1282454], [91.6522465, 26.1276868], [91.6516672, 26.1278216], [91.6513536, 26.127765], [91.6508606, 26.1271999], [91.6506664, 26.1275406], [91.6504502, 26.1277962], [91.6499805, 26.1279385], [91.6501993, 26.1284244], [91.650246, 26.1285921], [91.6500685, 26.1287095], [91.6497603, 26.1286759], [91.649396, 26.1280554], [91.6490038, 26.1280722], [91.6488263, 26.1279716], [91.6488403, 26.1277871], [91.6487632, 26.1275607], [91.64865, 26.1274558], [91.6482379, 26.1276529], [91.6478363, 26.1276131], [91.6477335, 26.1278919], [91.6476214, 26.1281141], [91.6471077, 26.1281477], [91.6472105, 26.128634], [91.6469583, 26.1295061], [91.6468462, 26.1295983], [91.6467155, 26.1297325], [91.6461924, 26.1296151], [91.6458721, 26.1293652], [91.6463187, 26.129078], [91.6466106, 26.129078], [91.6466964, 26.1283691], [91.6464561, 26.1280454], [91.6464904, 26.1275291], [91.6469367, 26.1270591], [91.6482328, 26.126327], [91.6493056, 26.1251788], [91.6501897, 26.1244082], [91.6503957, 26.1239535], [91.6507991, 26.1237146], [91.651254, 26.1237685], [91.6525071, 26.1228669], [91.6531852, 26.1239227], [91.6539577, 26.124254], [91.6541207, 26.1244852], [91.6541551, 26.1252944], [91.6537603, 26.1259956], [91.6545499, 26.1262576], [91.6549018, 26.1261343], [91.654404, 26.1259956], [91.6543439, 26.1257259], [91.6545671, 26.1254947], [91.6546186, 26.125094], [91.6545327, 26.1247781], [91.6549018, 26.1242155], [91.6547301, 26.1241461], [91.6544984, 26.1241461], [91.6538032, 26.1237377], [91.6532624, 26.1232676], [91.6532367, 26.1227821], [91.6535714, 26.1223891], [91.6540092, 26.1222196], [91.6545756, 26.1224122], [91.6553138, 26.1222735], [91.6556927, 26.1219232], [91.6558889, 26.1217418], [91.6570218, 26.1213642], [91.6575317, 26.1213922], [91.657863, 26.1214104], [91.6579985, 26.1214418], [91.6582345, 26.1214409], [91.6589126, 26.12116], [91.6588729, 26.1210178], [91.6595538, 26.1205704], [91.6601546, 26.1204163], [91.660558, 26.120501], [91.6612619, 26.1202159], [91.6615537, 26.1202082], [91.6618198, 26.1206398], [91.6620302, 26.1206879], [91.6622918, 26.1207476], [91.6626263, 26.120544], [91.6626852, 26.1207198], [91.6630488, 26.1210628], [91.6630858, 26.1211458], [91.6628947, 26.1212565], [91.6623648, 26.1214557], [91.6625065, 26.1216991], [91.6626236, 26.1221196], [91.6627468, 26.122186], [91.662716, 26.1223298], [91.6627961, 26.122529], [91.6627838, 26.1226673], [91.6628763, 26.122872], [91.6635849, 26.1225567], [91.6639854, 26.122352], [91.6646571, 26.1221694], [91.6646913, 26.1220119], [91.6648399, 26.1218312], [91.6647865, 26.1215829], [91.6647187, 26.1213063], [91.6647249, 26.121168], [91.6650391, 26.1210518], [91.6651212, 26.1209336], [91.6652444, 26.1210097], [91.6652444, 26.1214875], [91.6647809, 26.1222504], [91.6651071, 26.122366], [91.6652616, 26.1220654], [91.6656392, 26.1219576], [91.6659139, 26.1221117], [91.6661027, 26.1224122], [91.6664031, 26.1225432], [91.6666692, 26.1228823], [91.6669953, 26.1228284], [91.6670383, 26.1227051], [91.6667121, 26.1224199], [91.6666177, 26.1221656], [91.6659825, 26.1217957], [91.6660255, 26.1211021], [91.665768, 26.1209326], [91.6657165, 26.1199385], [91.6654933, 26.1197843], [91.6654676, 26.1195454], [91.6659482, 26.1190214], [91.66624, 26.1190445], [91.667785, 26.1205935], [91.6680682, 26.1207399], [91.6682828, 26.1206243], [91.6681163, 26.1204871], [91.6678901, 26.1202982], [91.6674476, 26.1194181], [91.6671423, 26.1195609], [91.6669164, 26.1192141], [91.6668323, 26.1188287], [91.6669095, 26.1185205], [91.6671928, 26.1183047], [91.6674159, 26.1183586], [91.6675618, 26.1187748], [91.6677764, 26.1188595], [91.6682056, 26.1183509], [91.6690776, 26.1183016], [91.6695582, 26.1181683], [91.67008, 26.1180765], [91.6703685, 26.1180041], [91.6708967, 26.1179138], [91.6713624, 26.1177442], [91.6716143, 26.1176422], [91.6718844, 26.1174248], [91.6720452, 26.1173207], [91.6723809, 26.117078], [91.6725279, 26.116603], [91.6729656, 26.1163798], [91.6729777, 26.1158848], [91.6731494, 26.115538], [91.6730035, 26.1154301], [91.6726773, 26.1157229], [91.6723683, 26.1155765], [91.6724971, 26.1152451], [91.6722053, 26.1150293], [91.6719564, 26.11459], [91.6721109, 26.1143588], [91.6722739, 26.1143588], [91.6723983, 26.1142625], [91.6721658, 26.1140482], [91.6718105, 26.1137249], [91.6716474, 26.1136883], [91.6705316, 26.1126325], [91.6692012, 26.1118001], [91.6680339, 26.1120621], [91.6675103, 26.1117384], [91.6659825, 26.1119465], [91.6653131, 26.1120853], [91.6636994, 26.1132644], [91.6635621, 26.113827], [91.6633304, 26.1139581], [91.663236, 26.1138193], [91.6625322, 26.1141199], [91.6619615, 26.1136273], [91.6614249, 26.1131642], [91.6603435, 26.1130101], [91.6590989, 26.1130409], [91.6579574, 26.1127018], [91.6573737, 26.1126633], [91.6569274, 26.1128174], [91.6565927, 26.1128174], [91.6560915, 26.1131632], [91.6558631, 26.1133415], [91.6558114, 26.1135174], [91.6556955, 26.1136594], [91.6555982, 26.113735], [91.6553996, 26.1136498], [91.655331, 26.1133569], [91.6550563, 26.1132182], [91.6547301, 26.112987], [91.6543611, 26.1128945], [91.6542237, 26.1130409], [91.6540092, 26.1131257], [91.6539319, 26.1133954], [91.6538602, 26.113021], [91.6537867, 26.1125785], [91.6533378, 26.1125599], [91.6532372, 26.1132273], [91.6533687, 26.1134542], [91.6533912, 26.1137268], [91.6533654, 26.1140351], [91.6531594, 26.1144975], [91.652284, 26.1149754], [91.6518462, 26.1153607], [91.6520351, 26.1156459], [91.6519149, 26.1159079], [91.6516145, 26.1161237], [91.6506532, 26.1164628], [91.6501554, 26.1167094], [91.6493486, 26.1169252], [91.6491262, 26.1170498], [91.6488944, 26.1171241], [91.648627, 26.117256], [91.6484859, 26.1174443], [91.6484148, 26.1177123], [91.6481793, 26.1181477], [91.6476678, 26.1184092], [91.6477501, 26.1181915], [91.6478026, 26.1180122], [91.6478615, 26.1178765], [91.6478083, 26.1177659], [91.6477637, 26.1175165], [91.647537, 26.1176109], [91.6475064, 26.1178646], [91.6474401, 26.1182002], [91.6474039, 26.1184777], [91.647177, 26.1185667], [91.6461323, 26.1185292], [91.6459577, 26.1184837], [91.6457826, 26.1185266], [91.6457641, 26.1186695], [91.6458436, 26.1188028], [91.6456922, 26.1189289], [91.6454219, 26.1190196], [91.6450532, 26.1190481], [91.6443756, 26.1190633], [91.6441541, 26.1190696], [91.6439923, 26.1191648], [91.6438331, 26.1193006], [91.6435944, 26.1196221], [91.6433849, 26.1198626], [91.6428638, 26.120697], [91.642629, 26.1208866], [91.6424247, 26.1209724], [91.6418373, 26.1211471], [91.6405681, 26.1215487], [91.639925, 26.1217925], [91.6397061, 26.1217487], [91.6394051, 26.1215353], [91.6392551, 26.1212629], [91.6391823, 26.1208589], [91.6392445, 26.1206795], [91.639157, 26.1203127], [91.6391186, 26.1201254], [91.6391358, 26.1199817], [91.6392127, 26.1198197], [91.6394329, 26.1194935], [91.6394806, 26.1193673], [91.6394779, 26.1192029], [91.6394024, 26.1190633], [91.6388493, 26.1186766], [91.6387579, 26.1185537], [91.6387432, 26.1183289], [91.6388573, 26.1180955], [91.6390827, 26.1179455], [91.6394077, 26.1178178], [91.6396636, 26.1178955], [91.6397538, 26.1180527], [91.6403267, 26.1183908], [91.640779, 26.1188204], [91.6408174, 26.1189338], [91.6408254, 26.1191958], [91.6406689, 26.1193839], [91.6405601, 26.1195292], [91.6405483, 26.1196563], [91.6406185, 26.1198221], [91.6407431, 26.1199602], [91.6408625, 26.1200245], [91.6409753, 26.1199349], [91.6410535, 26.1196054], [91.6411781, 26.1194292], [91.6412577, 26.1191339], [91.6413691, 26.118991], [91.641222, 26.118456], [91.641393, 26.1183075], [91.641637, 26.1182432], [91.6418359, 26.118286], [91.6421423, 26.1183822], [91.6427059, 26.1180693], [91.642987, 26.1178979], [91.643007, 26.117551], [91.6427377, 26.1175883], [91.6425627, 26.1177335], [91.6423345, 26.1178478], [91.6420773, 26.1179026], [91.6417696, 26.1178645], [91.6416582, 26.1176859], [91.6415335, 26.117674], [91.6412736, 26.1178002], [91.6409155, 26.1179455], [91.640706, 26.1179002], [91.6405522, 26.1177502], [91.6402551, 26.1176168], [91.639978, 26.1172867], [91.6394926, 26.1158149], [91.6390786, 26.1155135], [91.6392377, 26.1152992], [91.6394711, 26.1154111], [91.6397353, 26.1150672], [91.6403069, 26.1148575], [91.6407761, 26.1148991], [91.6410891, 26.1149372], [91.641402, 26.1150991], [91.6416752, 26.1156516], [91.6417362, 26.1158565], [91.641906, 26.1159255], [91.6419564, 26.1161065], [91.6420015, 26.1162018], [91.6421076, 26.1162494], [91.6422137, 26.1162423], [91.6422932, 26.1161804], [91.6423171, 26.116066], [91.6423914, 26.1158922], [91.6423357, 26.1157326], [91.6422508, 26.115523], [91.6421739, 26.1152849], [91.6420068, 26.115192], [91.6419166, 26.1150539], [91.6419352, 26.1149777], [91.6420519, 26.1149467], [91.6422747, 26.1148395], [91.6426566, 26.1147371], [91.6429776, 26.1147752], [91.6434762, 26.1147633], [91.6437971, 26.1148157], [91.6441419, 26.1148681], [91.6444125, 26.1148633], [91.6446485, 26.1148038], [91.6448263, 26.114799], [91.6449987, 26.11488], [91.6453912, 26.1149193], [91.6456989, 26.1148991], [91.646057, 26.1149265], [91.6462572, 26.1149324], [91.6463978, 26.1149062], [91.6466352, 26.1149753], [91.646911, 26.1150086], [91.6471975, 26.1150074], [91.6474176, 26.1149705], [91.6476165, 26.1148705], [91.6478685, 26.1147919], [91.6481523, 26.1148407], [91.6483224, 26.114998], [91.6484178, 26.1147646], [91.6484454, 26.1144835], [91.6482796, 26.114206], [91.6480529, 26.1142286], [91.6477638, 26.1141489], [91.647541, 26.1141965], [91.6475171, 26.1143549], [91.647281, 26.1145228], [91.6470078, 26.1145787], [91.6468964, 26.1145549], [91.6467757, 26.1144799], [91.6466657, 26.1144513], [91.6465026, 26.1144668], [91.6463182, 26.1145156], [91.6440491, 26.1143507], [91.6439947, 26.1143053], [91.6440547, 26.113923], [91.6441241, 26.1137411], [91.6442479, 26.1135996], [91.6442104, 26.1135171], [91.6441354, 26.1134582], [91.6439966, 26.1134396], [91.6438222, 26.1134952], [91.6436852, 26.1136182], [91.6434846, 26.1139449], [91.6433945, 26.1140493], [91.6432651, 26.1140762], [91.6426031, 26.1140695], [91.6423911, 26.1140257], [91.6423255, 26.1138741], [91.6423124, 26.1137226], [91.6422899, 26.113534], [91.6423518, 26.1133891], [91.6426612, 26.1132241], [91.6427888, 26.113091], [91.6428413, 26.112889], [91.6429294, 26.1127458], [91.6429463, 26.1126195], [91.6430851, 26.1125201], [91.6432726, 26.1122962], [91.6433026, 26.1122221], [91.6432895, 26.112153], [91.6431882, 26.1121177], [91.643102, 26.1121345], [91.6430138, 26.1121833], [91.6428957, 26.1122658], [91.6428169, 26.1122945], [91.6427775, 26.1122221], [91.6427287, 26.1121311], [91.6427456, 26.1120183], [91.642695, 26.1119156], [91.6425656, 26.1118735], [91.6424605, 26.1119088], [91.6424005, 26.1119998], [91.6423274, 26.112153], [91.642333, 26.1122995], [91.6424999, 26.1124343], [91.6425506, 26.1125875], [91.6424287, 26.1128637], [91.6423011, 26.112958], [91.6421773, 26.1130001], [91.6420536, 26.112958], [91.6419523, 26.1128418], [91.6416785, 26.1127374], [91.6415622, 26.1126296], [91.641444, 26.1126347], [91.6413784, 26.1126936], [91.6414309, 26.1128283], [91.6415659, 26.1130035], [91.6417872, 26.1131769], [91.6418698, 26.1133234], [91.6418247, 26.1136299], [91.641821, 26.1139028], [91.6417235, 26.114024], [91.6414474, 26.1141787], [91.6411896, 26.1140788], [91.6408506, 26.1140215], [91.6406617, 26.1138692], [91.6402161, 26.1131452], [91.6402347, 26.112988], [91.6404071, 26.1129046], [91.6404681, 26.1128117], [91.6403434, 26.1126498], [91.6403275, 26.1125235], [91.6402718, 26.1121449], [91.6398342, 26.112283], [91.639927, 26.1125569], [91.6398368, 26.112776], [91.6395716, 26.1128427], [91.639431, 26.1129403], [91.6395159, 26.1130928], [91.6397069, 26.113169], [91.6400729, 26.1137834], [91.6399037, 26.1138953], [91.6391399, 26.1140668], [91.6383229, 26.1140096], [91.6374423, 26.1135619], [91.6367209, 26.1125616], [91.6353841, 26.1111231], [91.6353947, 26.1102561], [91.6355857, 26.1094082], [91.6353523, 26.1088366], [91.6348112, 26.1086651], [91.6338988, 26.1088652], [91.6327954, 26.1093035], [91.6317238, 26.1092272], [91.6311085, 26.108951], [91.6302703, 26.1082936], [91.6296656, 26.1080459], [91.6286153, 26.1079125], [91.6242866, 26.107379], [91.6228755, 26.1069027], [91.6208703, 26.1058833], [91.6200881, 26.1052198], [91.6166584, 26.1023105], [91.6161785, 26.1026743], [91.6156374, 26.1022265], [91.6149478, 26.102741], [91.6144969, 26.1032079], [91.6142688, 26.1037557], [91.6142688, 26.1043797], [91.6143855, 26.1050276], [91.6146401, 26.1055373], [91.6148152, 26.1055659], [91.6151229, 26.1069044], [91.6160247, 26.1066758], [91.6161732, 26.1070664], [91.615839, 26.1075713], [91.6166612, 26.107819], [91.6168787, 26.1084335], [91.6175843, 26.1078619], [91.6179078, 26.1074665], [91.6185232, 26.1076952], [91.6189635, 26.108081], [91.6197433, 26.1082191], [91.6202631, 26.1089765], [91.6212021, 26.109491], [91.6218599, 26.1095767], [91.6222577, 26.1095577], [91.6226556, 26.1097673], [91.6227988, 26.1101769], [91.6230853, 26.1104961], [91.6227617, 26.1111296], [91.6225722, 26.1112527], [91.6220535, 26.1118629], [91.6211797, 26.1124385], [91.620665, 26.1125874], [91.6197065, 26.1125945], [91.6194658, 26.1124415], [91.6192964, 26.1123395], [91.6192457, 26.112309], [91.6186081, 26.1123299], [91.6194568, 26.1135493], [91.6196531, 26.1133445], [91.6199113, 26.1131938], [91.6200775, 26.1130968], [91.6211278, 26.1130349], [91.6211437, 26.1134731], [91.6215416, 26.1133445], [91.6217485, 26.1134588], [91.6217166, 26.1142733], [91.6221729, 26.1152022], [91.6225789, 26.1151446], [91.6226151, 26.1145486], [91.6228242, 26.1144076], [91.6233095, 26.114376], [91.6232784, 26.1141125], [91.622922, 26.1140681], [91.6225589, 26.1140012], [91.6224805, 26.1138066], [91.6224116, 26.1132207], [91.6222153, 26.1129968], [91.622263, 26.1125729], [91.6226025, 26.112268], [91.6228253, 26.1122394], [91.623011, 26.1122871], [91.6231027, 26.1121989], [91.6231065, 26.1120537], [91.6229792, 26.1119155], [91.6231648, 26.1117488], [91.6235043, 26.1113963], [91.6248597, 26.1108533], [91.6253122, 26.1110891], [91.6257763, 26.1111915], [91.626328, 26.1112534], [91.6267561, 26.1111486], [91.6269752, 26.1109676], [91.627251, 26.1105008], [91.6276436, 26.1102912], [91.6278914, 26.1103436], [91.6281157, 26.110658], [91.628381, 26.1109009], [91.6286303, 26.1109009], [91.6287719, 26.11102], [91.6288478, 26.1115106], [91.6290971, 26.1119155], [91.6290228, 26.1124443], [91.6285242, 26.1135112], [91.6280361, 26.113778], [91.6281741, 26.1140733], [91.628625, 26.1141305], [91.6286144, 26.1144162], [91.628243, 26.1148735], [91.6278558, 26.1151831], [91.6281051, 26.1153594], [91.6281608, 26.1154779], [91.6273674, 26.1158365], [91.6272926, 26.1159498], [91.6271577, 26.1160064], [91.627226, 26.1161434], [91.627361, 26.1162312], [91.6277075, 26.1161109], [91.6277205, 26.1161782], [91.6274814, 26.1162821], [91.6275806, 26.1164605], [91.6279636, 26.1163462], [91.6281433, 26.1163086], [91.6280636, 26.1160581], [91.6284002, 26.1159112], [91.6283612, 26.1158232], [91.6282328, 26.1158155], [91.6283594, 26.1157295], [91.6284128, 26.115607], [91.6284446, 26.1152355], [91.6289592, 26.1146687], [91.629357, 26.1143496], [91.6295268, 26.1142686], [91.6296567, 26.1143138], [91.6296382, 26.1144829], [91.6297761, 26.1146973], [91.6300944, 26.1146735], [91.6305771, 26.1146782], [91.6309538, 26.1147973], [91.630984, 26.1151974], [91.6308583, 26.1154165], [91.6305983, 26.1154927], [91.6306036, 26.1157023], [91.6308211, 26.1158785], [91.6310651, 26.1161072], [91.631028, 26.1163501], [91.6306726, 26.1164406], [91.630837, 26.1166502], [91.631272, 26.1167026], [91.6314842, 26.1168455], [91.6315479, 26.1171265], [91.631219, 26.1171741], [91.6309166, 26.1172598], [91.6309697, 26.1174027], [91.6311553, 26.1175599], [91.631654, 26.1176457], [91.6319776, 26.1176981], [91.6320518, 26.1178886], [91.6320412, 26.1181601], [91.6318503, 26.1183935], [91.6312933, 26.1183792], [91.6310386, 26.1184054], [91.6309538, 26.1184887], [91.6310678, 26.1186364], [91.6312933, 26.118684], [91.6317654, 26.1187697], [91.6319017, 26.1188983], [91.631532, 26.1195842], [91.6313887, 26.1199986], [91.6315585, 26.1203511], [91.6317389, 26.1203892], [91.6319548, 26.1202796], [91.6321367, 26.1206845], [91.6320306, 26.1210417], [91.63141, 26.1212017], [91.6307213, 26.1214301], [91.6298189, 26.1218839], [91.6292808, 26.1222287], [91.6300362, 26.1220725], [91.6307076, 26.1217988], [91.63149, 26.1217379], [91.6320996, 26.121797], [91.6322746, 26.1219562], [91.6324232, 26.12244], [91.6323754, 26.1227877], [91.6324815, 26.123183], [91.6328937, 26.1240042], [91.6330157, 26.1255283], [91.6331643, 26.1255988], [91.6330866, 26.1257975], [91.6329552, 26.1257316], [91.6323115, 26.1261555], [91.6318394, 26.1257124], [91.6326762, 26.1251152], [91.6323973, 26.1244409], [91.6319038, 26.124595], [91.63126, 26.1245565], [91.6310669, 26.1240748], [91.6303374, 26.1235932], [91.6302086, 26.1241133], [91.6299726, 26.1237858], [91.629758, 26.1232849], [91.6287495, 26.122784], [91.628728, 26.1235354], [91.6282989, 26.1230923], [91.6278314, 26.1236051], [91.627279, 26.1230249], [91.6269303, 26.1225096], [91.6271736, 26.1219596], [91.6276131, 26.1213709], [91.6275005, 26.1211762], [91.6269915, 26.1216869], [91.6268223, 26.1218037], [91.62624, 26.1220955], [91.6261391, 26.122667], [91.6256179, 26.1225953], [91.6251971, 26.1226308], [91.6252717, 26.1228697], [91.6255092, 26.1229815], [91.6257325, 26.1228899], [91.6256771, 26.1230828], [91.6251699, 26.1230935], [91.6252573, 26.12346], [91.6258001, 26.123367], [91.6261212, 26.1231427], [91.6263157, 26.1232371], [91.6265608, 26.123728], [91.6264535, 26.1242867], [91.6271402, 26.1242867], [91.6276337, 26.1243831], [91.6275479, 26.1247298], [91.6279556, 26.1249803], [91.6283203, 26.1244409], [91.6287495, 26.1242675], [91.629479, 26.1247491], [91.6291143, 26.1251152], [91.6293718, 26.1253849], [91.6290499, 26.1253078], [91.6285993, 26.1255583], [91.6284276, 26.1259628], [91.6278697, 26.1255197], [91.6265823, 26.1250381], [91.6262819, 26.1253849], [91.6262604, 26.1260977], [91.6265608, 26.1262133], [91.6268827, 26.126483], [91.6269256, 26.1267334], [91.6263033, 26.1266178], [91.6260244, 26.1269646], [91.6260458, 26.1276196], [91.6264535, 26.1280627], [91.6273333, 26.1282554], [91.627977, 26.1271958], [91.6284324, 26.1270753], [91.6285984, 26.1272923], [91.6290931, 26.1272437], [91.6290834, 26.1267515], [91.6307868, 26.1262333], [91.6302434, 26.1266257], [91.629915, 26.1267109], [91.6297925, 26.1269811], [91.6295805, 26.1270726], [91.6296095, 26.1272466], [91.6291701, 26.1273882], [91.6292247, 26.1277331], [91.6288772, 26.1281147], [91.6281487, 26.1281398], [91.6277695, 26.1282834], [91.627977, 26.1292957], [91.6283203, 26.1302011], [91.6284705, 26.1306249], [91.6281704, 26.1311096], [91.627348, 26.1317011], [91.6274346, 26.1318324], [91.6267231, 26.1322043], [91.6265188, 26.1326826], [91.6268181, 26.1328248], [91.6266021, 26.133111], [91.6266605, 26.1333161], [91.6260445, 26.1335236], [91.6260758, 26.1337858], [91.6258308, 26.133868], [91.6256054, 26.1341024], [91.6254093, 26.1344416], [91.6253939, 26.1348526], [91.6252733, 26.1349016], [91.6258915, 26.1356771], [91.6261885, 26.136045], [91.6263174, 26.1360691], [91.6264911, 26.1362933], [91.626703, 26.1364628], [91.6270457, 26.1362885], [91.6275472, 26.1361729], [91.6275924, 26.1359768], [91.6278019, 26.1357906], [91.6276553, 26.135475], [91.6277141, 26.1353437], [91.6281868, 26.1356095], [91.6284596, 26.135789], [91.6289348, 26.1355913], [91.6292799, 26.1355827], [91.6295595, 26.1356746], [91.6295864, 26.1368857], [91.6306378, 26.1366353], [91.6307511, 26.1345662], [91.6320859, 26.1350583], [91.6326236, 26.1352392], [91.632634, 26.1356171], [91.6327929, 26.1358648], [91.63311, 26.1359056], [91.6332392, 26.1359416], [91.6332793, 26.1360857], [91.6334052, 26.1362858], [91.6334588, 26.136664], [91.6336111, 26.1368305], [91.6338209, 26.1368562], [91.6338253, 26.1366595], [91.6339192, 26.1365839], [91.633962, 26.1364277], [91.634175, 26.1363376], [91.6353107, 26.1361686], [91.6358339, 26.1350856], [91.6358949, 26.1349594], [91.6349722, 26.1334953], [91.6355301, 26.1325706], [91.6354657, 26.1319349], [91.635761, 26.1319007], [91.6358379, 26.1319203], [91.6359418, 26.1318966], [91.6359849, 26.1318477], [91.6360501, 26.1317234], [91.6359423, 26.1315083], [91.6356845, 26.1314009], [91.6355287, 26.1313833], [91.6354802, 26.1308709], [91.6357447, 26.130413], [91.6353584, 26.1291994], [91.6351868, 26.1278315], [91.6344143, 26.1264637], [91.6331618, 26.1258353], [91.6332447, 26.125637], [91.6346814, 26.1263189], [91.6361561, 26.1258903], [91.6362092, 26.1243757], [91.6365078, 26.1241165], [91.6368791, 26.1233831], [91.6378165, 26.1229135], [91.6380871, 26.1230231], [91.637399, 26.123745], [91.6372717, 26.1243452], [91.6373513, 26.1249977], [91.6375884, 26.1256521], [91.6380462, 26.1264217], [91.6386562, 26.1277981], [91.6390313, 26.1282145], [91.639749, 26.1285173], [91.6405553, 26.128603], [91.6406986, 26.1295079], [91.6424385, 26.129365], [91.6425643, 26.1291956], [91.6429993, 26.1294051], [91.6432751, 26.1297385], [91.6432997, 26.1297869], [91.643323, 26.1299273], [91.6433113, 26.1301349], [91.643351, 26.1304304], [91.6433908, 26.1306275], [91.6433709, 26.1307072], [91.6434211, 26.1307743], [91.6435705, 26.1308141], [91.6436499, 26.1308015], [91.6438134, 26.1307219], [91.6439488, 26.1306338], [91.6441403, 26.1306338], [91.6444298, 26.1305793], [91.6445045, 26.1304829], [91.6445279, 26.1303026], [91.6444718, 26.13016], [91.6443971, 26.1299965], [91.6444625, 26.129854], [91.6444537, 26.1296633], [91.6455137, 26.1295956], [91.6456133, 26.130026]], [[91.653889, 26.11375], [91.6540843, 26.113776], [91.6542238, 26.1138073], [91.654374, 26.1136941], [91.6545671, 26.1136806], [91.6546443, 26.1138039], [91.6546186, 26.1142432], [91.6544812, 26.1143973], [91.6541293, 26.1148906], [91.6539319, 26.1150524], [91.6536487, 26.1150524], [91.6535457, 26.1148983], [91.6537603, 26.1145129], [91.6539233, 26.1141122], [91.6538461, 26.1139349], [91.653889, 26.11375]], [[91.6651674, 26.1205273], [91.6650266, 26.1203089], [91.6649066, 26.1201137], [91.6648017, 26.1200754], [91.6646571, 26.1201001], [91.6643428, 26.1200946], [91.6641641, 26.1200835], [91.6640902, 26.1200337], [91.66393, 26.1200669], [91.6639731, 26.1205594], [91.6637698, 26.1205704], [91.6636465, 26.1205981], [91.6636527, 26.1206977], [91.6635171, 26.1207807], [91.6634124, 26.1207807], [91.6632953, 26.1206257], [91.6630643, 26.1202775], [91.6633046, 26.1197612], [91.6632102, 26.1193605], [91.6628068, 26.1190753], [91.6627467, 26.1188595], [91.663236, 26.1189366], [91.6633647, 26.1188441], [91.6636222, 26.1189443], [91.6641629, 26.1184742], [91.6645492, 26.118505], [91.6647052, 26.1185252], [91.6647022, 26.1188114], [91.6646142, 26.1190743], [91.6645727, 26.1195168], [91.6645336, 26.1199542], [91.6648484, 26.1199678], [91.6650706, 26.1201367], [91.6652015, 26.1204856], [91.6651674, 26.1205273]]]}, "properties": {"id": "osm-relation-9630968", "name": "Deepor Beel (OSM wetland outline)", "kind": "wetland", "source": "OpenStreetMap relation/9630968 (ODbL)", "official": false, "buffer_m": 200.0}}, {"type": "Feature", "geometry": {"type": "MultiPolygon", "coordinates": [[[[91.61316483705292, 26.10727130922656], [91.61321307918473, 26.107439870268315], [91.6132790787334, 26.107603452698864], [91.6133622221117, 26.10776053553546], [91.61346173632113, 26.107909658222116], [91.61357669613713, 26.108049434210585], [91.6137060327101, 26.108178563853336], [91.61384854350241, 26.10829584648876], [91.61400290346887, 26.108400191606055], [91.614095371922, 26.10845094364105], [91.61413791614247, 26.108520595481988], [91.61425053206963, 26.108668174846237], [91.61437879844833, 26.10880494750072], [91.61452145158188, 26.108929565885145], [91.61467708601369, 26.109040802185177], [91.61484416837413, 26.10913756043076], [91.61502105248837, 26.10921888729549], [91.6150948929372, 26.10924487686278], [91.6151319773168, 26.109312667303307], [91.61523750689975, 26.10946518001089], [91.61535931727421, 26.109607458636546], [91.61549620012772, 26.109738091761137], [91.61564679761345, 26.10985578348512], [91.61580961581959, 26.109959366285135], [91.6159830395891, 26.110047812597337], [91.61616534854274, 26.11012024501218], [91.6163547341468, 26.1101759449796], [91.61654931765571, 26.110214359938222], [91.61674716875163, 26.110235108797728], [91.61694632469629, 26.110237985719984], [91.61714480980424, 26.110222962161473], [91.61734065504514, 26.110190187156583], [91.61753191757963, 26.110139985839126], [91.61771670003547, 26.110072856216625], [91.61789316933228, 26.109989464229393], [91.61805957486807, 26.109890637143554], [91.61821426588715, 26.109777355343418], [91.6182342355503, 26.109761178103444], [91.61839198551463, 26.109811219551304], [91.61849983741733, 26.109835230221265], [91.61856313774436, 26.10992746646328], [91.61866965314108, 26.110067499322344], [91.61879027428425, 26.11019787454252], [91.61892393343976, 26.11031743799573], [91.6190694474454, 26.110425131259667], [91.61920095453732, 26.110505064539684], [91.6191731318967, 26.11050466985748], [91.61853554170831, 26.110525569933433], [91.6183368071813, 26.11054107132475], [91.61814077165003, 26.11057436954695], [91.61794938539065, 26.110625133326497], [91.61776455243104, 26.11069285763208], [91.61758811161084, 26.110776868698466], [91.61742181828946, 26.11087633072875], [91.61726732688408, 26.11099025420854], [91.61712617441141, 26.111117505749174], [91.61699976519681, 26.11125681936234], [91.61688935690267, 26.111406809053772], [91.61679604801546, 26.111565982610983], [91.61672076691552, 26.11173275644775], [91.6166642626387, 26.111905471357883], [91.61662709742174, 26.112082409021422], [91.61660964110563, 26.11226180909935], [91.61661206745268, 26.112441886746392], [91.61663435241427, 26.112620850368195], [91.61667627436647, 26.112796919445746], [91.61673741631142, 26.112968342250056], [91.61681717002274, 26.113133413270678], [91.61691474209368, 26.1132904901847], [91.61776343047438, 26.114509899572464], [91.617876001196, 26.11465526568932], [91.61800382784253, 26.114789958681666], [91.61814567683999, 26.114912678656985], [91.61830017927464, 26.115022241267237], [91.61846584410375, 26.11511758913996], [91.6186410725455, 26.115197802083895], [91.61882417350931, 26.115262105970686], [91.61901337991763, 26.11530988020692], [91.61920686576141, 26.115340663724233], [91.61940276372485, 26.11535415942976], [91.61959918320903, 26.115350237073876], [91.6197942285804, 26.11532893450751], [91.61998601746797, 26.115290457316927], [91.62002309068869, 26.11527947914661], [91.62034467074439, 26.1159341463447], [91.62043544905242, 26.11609638186102], [91.62054383554434, 26.116249555548713], [91.6206687318455, 26.11639211506838], [91.62080887224897, 26.116522615644016], [91.62096283654135, 26.116639734706332], [91.62112906439548, 26.116742285297715], [91.62130587118352, 26.11682922810285], [91.62149146505081, 26.11689968198306], [91.62168396507678, 26.116952932907473], [91.62188142033934, 26.116988441190536], [91.62208182968894, 26.117005846962396], [91.62228316203242, 26.117004973816677], [91.6224833769201, 26.11698583059873], [91.62288938301919, 26.116928229978093], [91.62307956372247, 26.116892629694213], [91.62326502233216, 26.11684054300802], [91.62344400966468, 26.116772461182112], [91.62361483757878, 26.1166890263397], [91.62377589489932, 26.116591025407654], [91.62392566261445, 26.116479382693683], [91.62406272820323, 26.116355151167625], [91.62418579895821, 26.116219502529272], [91.62429371417745, 26.11607371615634], [91.62438545611099, 26.115919167036857], [91.62439900954627, 26.115889801885185], [91.62455747570955, 26.115786865728328], [91.62470770138304, 26.115666947896273], [91.62484386976985, 26.11553405141864], [91.6249646119035, 26.115389512412143], [91.62506871392375, 26.115234784041043], [91.62515512927948, 26.11507142190603], [91.6252229892484, 26.114901068403505], [91.62527161166868, 26.11472543621237], [91.62530050779431, 26.114546291074404], [91.62530938720546, 26.11436543404149], [91.62529816072472, 26.11418468336811], [91.62526705627224, 26.113921183614494], [91.62523805700108, 26.113752057578548], [91.62519145111503, 26.113586170090244], [91.62512765742032, 26.11342501157066], [91.6250472491413, 26.1132700299471], [91.62495094876796, 26.11312261764478], [91.62487580219563, 26.113029116773703], [91.62491139227487, 26.11296930746418], [91.62495674057276, 26.11286933193212], [91.62530151746103, 26.11294540433895], [91.62552965372798, 26.112983239046148], [91.6260813619205, 26.1130451403056], [91.62620663323456, 26.113053648516516], [91.62616516527531, 26.11314011043459], [91.62610655601756, 26.113303279567624], [91.62606536256584, 26.113470733606345], [91.62604195680144, 26.113640961130997], [91.62603655005995, 26.113812425682323], [91.62604919122091, 26.113983579629235], [91.62607976626397, 26.114152878137475], [91.62611981663406, 26.114290645919343], [91.62606071957903, 26.114387100927576], [91.62599531885701, 26.11452373244181], [91.62593251389663, 26.11458166587017], [91.62582803531177, 26.114657720301217], [91.62568903923867, 26.11478086805918], [91.62556396916398, 26.114915636736995], [91.62545401106381, 26.115060748441316], [91.62536020763255, 26.115214827200674], [91.62528344839446, 26.11537641201168], [91.62522446126738, 26.115543970691505], [91.62518380565815, 26.115715914405587], [91.62516186715554, 26.115890612732663], [91.62515885387108, 26.116066409124358], [91.62517479446262, 26.11624163661284], [91.62520953785929, 26.116414633617502], [91.62526275469088, 26.116583759700802], [91.62533394040801, 26.11674741112399], [91.62540223862706, 26.11688441190708], [91.62549802477827, 26.117052451576374], [91.62561274274961, 26.117210531886705], [91.62574513575744, 26.117356920896768], [91.62589375335283, 26.117490014749276], [91.62600246468152, 26.117568837419388], [91.62611751687128, 26.11769147775913], [91.62625343804045, 26.117811203687083], [91.6264013251538, 26.117918751766187], [91.62655984486575, 26.118013152321268], [91.6267275679542, 26.118093554215104], [91.62690298220704, 26.11815923252332], [91.62708450605764, 26.11820959507135], [91.62727050284602, 26.118244187774398], [91.62745929557693, 26.118262698732195], [91.62764918204205, 26.11826496104163], [91.62783845016968, 26.118250954301942], [91.62802539346326, 26.11822080479881], [91.62820832638994, 26.118174784365625], [91.62850438000727, 26.118086432252646], [91.62859486803183, 26.118067498768625], [91.62877851039603, 26.118020636263285], [91.62895636899214, 26.1179581856068], [91.62905067254718, 26.117915325670783], [91.62905523063095, 26.11792759268984], [91.62902126021977, 26.118023748508882], [91.6289806083378, 26.11819410753508], [91.62895833834523, 26.118367211062566], [91.62895465778654, 26.118541446488766], [91.62896960103181, 26.118715190659525], [91.6290030289535, 26.118886824990074], [91.6290546302195, 26.119054750543697], [91.62912392419055, 26.119217402927564], [91.62921026539505, 26.119373266867104], [91.62931284953991, 26.119520890322914], [91.6294243660545, 26.119665375403862], [91.62939846230594, 26.119820244030066], [91.62938868684435, 26.12000380060033], [91.62939040554996, 26.120032620129432], [91.62914756157335, 26.120154741410232], [91.6290632648542, 26.120049432291577], [91.62893588910953, 26.119918890319557], [91.62879518826244, 26.119800020621298], [91.62864246851663, 26.119693926694776], [91.62847914763826, 26.119601593433767], [91.62830674179474, 26.119523877985877], [91.62812685148054, 26.119461501796387], [91.6279411466605, 26.11941504391187], [91.62775135126888, 26.11938493560555], [91.62755922720758, 26.119371456374342], [91.62736655799226, 26.11937473134469], [91.62717513219792, 26.119394730111292], [91.62698672685761, 26.11943126701946], [91.6268030909682, 26.11948400288842], [91.62662592925632, 26.11955244815971], [91.62645688635493, 26.11963596744132], [91.62629753153752, 26.119733785405526], [91.62614934415134, 26.11984499398561], [91.62601369988512, 26.11996856080474], [91.62566465243272, 26.120318770659424], [91.62526930303852, 26.120516885744898], [91.62509848201421, 26.120612940277116], [91.62493921848052, 26.120724005630805], [91.62479312496009, 26.120848957303664], [91.62477552657312, 26.120867376240458], [91.62462923184295, 26.120899584528114], [91.62444551686505, 26.120957610260366], [91.62426891936492, 26.121031481493898], [91.6241011117279, 26.121120498667615], [91.62394368310923, 26.121223818787524], [91.62379812438586, 26.12134046340902], [91.6236658140384, 26.121469327901796], [91.62354800509692, 26.121609191909727], [91.62344581327422, 26.12175873090661], [91.62336020639889, 26.121916528738574], [91.62329199524827, 26.122081091034207], [91.62324182586835, 26.1222508593556], [91.62321017345306, 26.122424225956294], [91.62319733784132, 26.12259954900643], [91.62320314844644, 26.12276675879831], [91.62320177606836, 26.122772101814213], [91.62317642367965, 26.122947027400553], [91.62317010322286, 26.123123351505413], [91.62318287512561, 26.123299390741607], [91.62321461753804, 26.123473464434138], [91.62330201160144, 26.123839965369278], [91.62335175019807, 26.12400851378819], [91.62341927350273, 26.12417194303363], [91.62350395138623, 26.124328727800663], [91.6236049936047, 26.124477404791858], [91.62372145717305, 26.124616586375204], [91.62385225516427, 26.124744973536025], [91.62399616685272, 26.124861368002], [91.62415184910684, 26.124964683427937], [91.62431784892462, 26.125053955535993], [91.6243184807841, 26.125054224507593], [91.62429953500315, 26.12514494234278], [91.62428253212781, 26.125335743828], [91.6242610200269, 26.12604854305089], [91.62426265444377, 26.126113940326704], [91.62421487281827, 26.126195378474247], [91.62414293378859, 26.126351953096666], [91.624087577745, 26.126513927660124], [91.62404929265706, 26.12667987454101], [91.62402841603824, 26.12684833109843], [91.62402513196868, 26.127017812565303], [91.62404652079432, 26.127672812413344], [91.62406107715599, 26.12784341178957], [91.6240934582017, 26.12801200125282], [91.62414337319534, 26.128177066708957], [91.62421037392437, 26.12833712570646], [91.62429385872285, 26.128490740750607], [91.62439307787261, 26.12863653221425], [91.62450714033474, 26.12877319072907], [91.62491483810754, 26.129216294942875], [91.62503787230462, 26.129338223424117], [91.6251727190608, 26.129449508734577], [91.62531825319466, 26.12954922226442], [91.62547326033527, 26.129636531960706], [91.62563644705554, 26.12971070927116], [91.62580645166577, 26.12977113522434], [91.62598185557698, 26.12981730559523], [91.62607201296406, 26.129837052845037], [91.62608458770785, 26.129880357509126], [91.62620996604174, 26.130211039115974], [91.62610155402648, 26.130289011857737], [91.62595782404304, 26.130402942152276], [91.62582680725117, 26.130528744435164], [91.62573714214496, 26.130633277830913], [91.62572077826907, 26.130641831112374], [91.62555810182825, 26.13073663726396], [91.62540634309967, 26.13084519789375], [91.6252669243111, 26.130966495629956], [91.62514115205899, 26.13109939373297], [91.62503020506341, 26.1312426467472], [91.62493512312113, 26.131394912171892], [91.62485679735987, 26.13155476304137], [91.62465249114372, 26.13203306017841], [91.62459159793025, 26.13219918398582], [91.6245629466176, 26.132313451215282], [91.62452183061161, 26.13235278386952], [91.62439811083749, 26.132498242387015], [91.62429137512822, 26.132654278705534], [91.62421807549748, 26.13279071075741], [91.6240948292927, 26.13291887631614], [91.6239521670737, 26.13308604374294], [91.62383208621394, 26.133267093835798], [91.62363598272051, 26.133606291311114], [91.62356041853312, 26.133752589000743], [91.6234996316178, 26.133904393793337], [91.62345410787444, 26.134060492380343], [91.62342479423498, 26.134216533631314], [91.62340159914191, 26.134264744530636], [91.6233413276979, 26.134433835074162], [91.6232997549116, 26.13460745304814], [91.62327728322991, 26.13478391808296], [91.62327413023286, 26.13496152224626], [91.6232903265246, 26.13513854657295], [91.62332571543371, 26.135313277702338], [91.62337995452633, 26.135484024461217], [91.62345251891715, 26.135649134232604], [91.62354270634667, 26.135807008951513], [91.62364964397558, 26.135956120573], [91.62426783811934, 26.136731627225448], [91.62427486256085, 26.136740383694953], [91.62457185985764, 26.137108286881144], [91.62468705673406, 26.137237990396997], [91.62481498196601, 26.137357580723307], [91.62495455111686, 26.137466044042327], [91.62499628735789, 26.13749286589526], [91.62499779907921, 26.1374945913823], [91.62516440912302, 26.137644555637618], [91.62537630945603, 26.13781405757947], [91.62552470335324, 26.1379218236018], [91.62568378004364, 26.138016362069624], [91.62585209731621, 26.138096815867303], [91.62602812917153, 26.138162455573003], [91.6262102796581, 26.138212686072634], [91.626396897343, 26.138247051956185], [91.62658629028611, 26.138265241647204], [91.62677674138169, 26.138267090228172], [91.62696652392844, 26.138252580936015], [91.62715391728656, 26.13822184531421], [91.6273372224798, 26.138175162020122], [91.62751477760109, 26.138112954298386], [91.62768497288187, 26.138035786143167], [91.62779708978236, 26.13797876257633], [91.62796306201156, 26.137940504530714], [91.6280870829232, 26.138080881015103], [91.62822747660913, 26.13821061036178], [91.62838158042922, 26.138326973114783], [91.62854783967526, 26.13842879529245], [91.62872457698933, 26.138515049609115], [91.62891000928718, 26.138584865840585], [91.62910226574913, 26.13863753960503], [91.62929940669649, 26.13867253947046], [91.62949944316333, 26.138689512317235], [91.62970035696584, 26.138688286901324], [91.62990012106663, 26.13866887558234], [91.63009672002852, 26.13863147419901], [91.63114813494502, 26.13838107110989], [91.63133340413297, 26.138328135047203], [91.63151210800953, 26.138259221951653], [91.63168255992434, 26.13817498224295], [91.63184315112066, 26.13807621099681], [91.63199236592047, 26.137963840440058], [91.63202578938372, 26.137933239454195], [91.63206858534146, 26.13798002622386], [91.63219382464408, 26.138104632283515], [91.63233137033318, 26.138218175201203], [91.63248002811704, 26.138319669067812], [91.63263850720557, 26.138408232594895], [91.63280543151866, 26.138483096767892], [91.63297935163547, 26.138543611524412], [91.63315875738105, 26.138589251399644], [91.6333420909408, 26.138619620089703], [91.63355189404271, 26.138645320599647], [91.63374941931225, 26.138660568564124], [91.63394764672066, 26.13865809366339], [91.63414462917903, 26.138637920203607], [91.63433843182786, 26.13860024633494], [91.6345271510448, 26.13854544210512], [91.63470893314543, 26.138474045824296], [91.63488199259315, 26.138386758776925], [91.63504462953928, 26.13828443833269], [91.6351952465211, 26.138168089524097], [91.63533236415351, 26.138038855173605], [91.63537581118057, 26.13798880647884], [91.63563609062466, 26.137950074414373], [91.63583077011576, 26.137912031427415], [91.63602029245568, 26.137856700574634], [91.63620277829267, 26.137784630529403], [91.63637641805929, 26.137696535954948], [91.63653948991839, 26.13759329041679], [91.6366903768386, 26.13747591771928], [91.63682758262989, 26.137345581752307], [91.63694974678036, 26.137203574948746], [91.63705565794675, 26.137051305467274], [91.63714426596526, 26.1368902832277], [91.63766737316324, 26.135807441204168], [91.6377282918628, 26.135681405433797], [91.63780092557592, 26.135507119158532], [91.63785328562267, 26.13532700718111], [91.63788481516312, 26.135142985280943], [91.63789517892927, 26.13495701081703], [91.63788426678721, 26.13477106190791], [91.63785219490416, 26.13458711639105], [91.63779930450869, 26.134407130785746], [91.63772615825717, 26.13423301948308], [91.63763353424515, 26.134066634384375], [91.63726138979312, 26.13347615103047], [91.63728674950728, 26.13343411679162], [91.63737216471486, 26.1332743094579], [91.63743978979755, 26.13310770608675], [91.63744692047403, 26.1330827989707], [91.63750708773661, 26.13302069588536], [91.63755018754264, 26.132971795414978], [91.6376826609978, 26.13280236308392], [91.6377927364181, 26.132620336495304], [91.63785793501204, 26.13249603563132], [91.6379318845141, 26.13233548650589], [91.63798838253007, 26.132169261112903], [91.63802690517741, 26.131998901008284], [91.63804709528085, 26.131825986086348], [91.63804876568194, 26.131652119927654], [91.63803190097181, 26.131478914927413], [91.63799665763102, 26.131307977342356], [91.63794336257538, 26.131140892394843], [91.63787251012137, 26.13097920957231], [91.6377647073329, 26.130764110809608], [91.63771974699556, 26.130685352591428], [91.63773482969961, 26.130593990325764], [91.6377448744897, 26.130422673713113], [91.63773686106634, 26.13025126988386], [91.63771086185605, 26.130081326324675], [91.6376671116645, 26.12991437733182], [91.63749296728524, 26.12936731688246], [91.63759936826858, 26.129475119464292], [91.63773094332973, 26.12958639561842], [91.63787308487274, 26.129686524301146], [91.63802463790621, 26.129774691882442], [91.63818437095368, 26.1298501819241], [91.63881553408666, 26.130116473177054], [91.63881598506683, 26.13011781806015], [91.63889396652529, 26.13028654998418], [91.63899045203736, 26.13044729814166], [91.63910445235034, 26.1305984142777], [91.63923479860773, 26.13073834889414], [91.63938015433261, 26.130865667138803], [91.6395390291302, 26.130979063519344], [91.63970979396947, 26.131077375290765], [91.63989069788708, 26.13115959437931], [91.64007988594227, 26.131224877720264], [91.64027541823852, 26.131272555903795], [91.64047528981699, 26.13130214003997], [91.64067745121757, 26.13131332677254], [91.64087982949646, 26.131306001390133], [91.64146777756496, 26.13125771529761], [91.64152091812359, 26.131393723837053], [91.64160793275575, 26.13156012254709], [91.64171325804915, 26.131717662816413], [91.64176345747791, 26.131784763364653], [91.64188164063275, 26.13192708212277], [91.64201476346679, 26.132058214021242], [91.64216153413896, 26.132176886489432], [91.64232052834933, 26.13228194786506], [91.64249020316106, 26.13237237857176], [91.64266891197431, 26.132447301014697], [91.64285492050665, 26.132505988098362], [91.6430043224622, 26.13254578875539], [91.64318335672766, 26.132585487408804], [91.64336567986274, 26.13261013826241], [91.6435497430006, 26.132619531900012], [91.64368772530153, 26.132615080751062], [91.6437558515959, 26.132948907678916], [91.64379575176655, 26.13310513220198], [91.64385084767231, 26.13325754593883], [91.64392070495826, 26.133404947154887], [91.64400477287485, 26.133546173633107], [91.64410238861895, 26.13368011183821], [91.64417178365355, 26.133766695410923], [91.64420630413845, 26.13389747803915], [91.64426013637579, 26.134065050655593], [91.64433163626467, 26.13422715074992], [91.64442013619254, 26.134382264587384], [91.64452480978669, 26.134528943666712], [91.64464467962907, 26.13466581824736], [91.64477862638216, 26.1347916101416], [91.64492539924066, 26.134905144651658], [91.64508362761137, 26.135005361540614], [91.64525183391237, 26.135091324934336], [91.64542844737173, 26.135162232062214], [91.64561181869715, 26.135217420754724], [91.64580023547911, 26.13525637562795], [91.64599193818411, 26.13527873289724], [91.64603969179713, 26.135280104953765], [91.64610887056888, 26.13532224279433], [91.64628255203492, 26.1354068553065], [91.64646462610243, 26.135475606452815], [91.64658262753308, 26.135514107059237], [91.64679342144508, 26.135571260859543], [91.64700989609338, 26.13560716419722], [91.64722943045336, 26.1356213823579], [91.64744936644789, 26.13561374318626], [91.64830227950391, 26.135541542605136], [91.64850020742513, 26.13551572379116], [91.64858478204408, 26.135496755252174], [91.64859922604481, 26.135538944862812], [91.64867602126554, 26.13570351222508], [91.64877045083101, 26.135860427415594], [91.64888159112347, 26.136008155526277], [91.64900835505281, 26.136145251508925], [91.64914950268859, 26.136270374311437], [91.64930365338762, 26.136382299996853], [91.64946929929886, 26.136479933717], [91.64964482011308, 26.136562320423295], [91.64982849891337, 26.136628654210103], [91.65001853897103, 26.136678286199142], [91.65021308132292, 26.136710730887607], [91.65041022295783, 26.136725670898173], [91.65060803543415, 26.136722960084082], [91.65080458374636, 26.136702624959067], [91.65099794525607, 26.136664864438103], [91.65111958778702, 26.136635357072272], [91.65112947993185, 26.136639170046113], [91.65131049987711, 26.13669125310506], [91.65149617787372, 26.136727599175426], [91.65168483874758, 26.13674788034192], [91.65191374222111, 26.13676258070045], [91.65203767112008, 26.13676497718034], [91.65209123818832, 26.13692365154074], [91.65209296834323, 26.136927402918943], [91.65201352348448, 26.137062296796927], [91.65193942645051, 26.137224320668373], [91.65188308453757, 26.137392066302834], [91.6518450288332, 26.13756395272991], [91.65182561808669, 26.13773835994635], [91.65182503532503, 26.137913644183858], [91.65184328612484, 26.138088153401117], [91.65188019855658, 26.13826024285406], [91.65193542480193, 26.138428290597655], [91.65200844442889, 26.138590712773023], [91.65209856929415, 26.13874597853592], [91.65220495002642, 26.13889262448576], [91.65232658402981, 26.139029268459144], [91.65246232493185, 26.13915462255795], [91.65261089338712, 26.139267505289023], [91.6528680944999, 26.139444407471355], [91.65292420715357, 26.13947905053475], [91.65299659322734, 26.139633678536388], [91.65309085896548, 26.1397900171432], [91.65320172138041, 26.139937218504087], [91.65332810311722, 26.140073852041425], [91.65346877598355, 26.14019858987577], [91.65362237288484, 26.14031021973203], [91.6537874011099, 26.140407656722182], [91.65396225683808, 26.14048995389008], [91.65414524072702, 26.140556311415583], [91.65433457442892, 26.14060608438883], [91.65452841787555, 26.14063878907872], [91.65472488716327, 26.14065410763496], [91.65487019159193, 26.140652474372963], [91.65491007542771, 26.140659849598954], [91.65511125232024, 26.1406782427528], [91.65531345870659, 26.140678210335484], [91.65551462837398, 26.140659752674576], [91.65571270570389, 26.140623058372842], [91.65590566667976, 26.140568502380965], [91.65609153957188, 26.140496642165786], [91.65626842508742, 26.140408212013337], [91.65643451578003, 26.14030411552488], [91.65658811452026, 26.14018541638262], [91.65672765183807, 26.140053327479595], [91.65685170196022, 26.13990919852485], [91.65687121037077, 26.139883999822633], [91.65699801261498, 26.139811401088156], [91.65715735570117, 26.13969823273966], [91.65783369764526, 26.13916563322976], [91.65788823349483, 26.139178188276407], [91.65807534738978, 26.139204581693605], [91.65826438809198, 26.139214884874278], [91.6584536610809, 26.139209005459932], [91.65864146975287, 26.13918699614935], [91.65891297379802, 26.139143295652566], [91.65910290171125, 26.13910402455628], [91.65916759374961, 26.13908450307833], [91.65916941202207, 26.13917576966425], [91.65915549423343, 26.13937749098749], [91.65915328298772, 26.13956317596992], [91.65917221358451, 26.13974808388811], [91.6591908116421, 26.139864184065303], [91.6592275117727, 26.14003481849829], [91.65928222066934, 26.14020147688851], [91.65935443135952, 26.140362614625072], [91.65944347465435, 26.140516738256768], [91.65954852534844, 26.14066241933426], [91.65966860986603, 26.14079830764998], [91.65980261528283, 26.14092314375316], [91.65994929963969, 26.141035770623645], [91.66010730345305, 26.141135144396593], [91.66027516231489, 26.141220344038345], [91.66045132046591, 26.141290579883904], [91.66063414521572, 26.141345200956774], [91.66071822306343, 26.141362437705325], [91.66086643328612, 26.141430904824027], [91.66104922082447, 26.141495812322503], [91.66123818013524, 26.14154422629753], [91.66143148924645, 26.141575679930106], [91.66202748118542, 26.141645591162497], [91.66223603888862, 26.14167665122319], [91.66243137511289, 26.141696902436674], [91.66262797047355, 26.141699747266745], [91.6628239255894, 26.141685158225073], [91.66301734726491, 26.1416532762584], [91.66320636678383, 26.141604409386712], [91.66327427834034, 26.141580119222454], [91.66331968499507, 26.141585453331786], [91.6635365088262, 26.141678599406113], [91.66356577804446, 26.141690912689363], [91.66507679396777, 26.142313221911714], [91.66524617044092, 26.142374713066904], [91.66542105283021, 26.142422010613604], [91.66559998449696, 26.14245472059486], [91.6657814750699, 26.142472570557214], [91.66596401286047, 26.142475411820367], [91.66614607745574, 26.142463220715882], [91.66632615238416, 26.14243609878444], [91.66672135816744, 26.142359697872124], [91.66689298025597, 26.14231926109695], [91.66705995902616, 26.142265261739418], [91.66722098164388, 26.142198124357282], [91.66737478210975, 26.142118376803005], [91.66752015121378, 26.14202664607319], [91.66809425455624, 26.14162904140697], [91.66824738411533, 26.141511497520252], [91.6683866700592, 26.141380675730474], [91.66851070588167, 26.14123789711427], [91.6686182390906, 26.141084603487517], [91.6687081838547, 26.14092234284431], [91.66877963196679, 26.140752753723778], [91.66883186201271, 26.140577548662712], [91.66886434665352, 26.140398496901206], [91.66887675794729, 26.140217406515987], [91.66886897065714, 26.140036106161777], [91.66884106351228, 26.13985642660528], [91.66879331840907, 26.13968018223809], [91.66872621756094, 26.139509152755394], [91.66864043862552, 26.139345065185214], [91.66853684785866, 26.139189576449947], [91.66824084444956, 26.138791979689202], [91.66810092404864, 26.1386256849032], [91.66794850645755, 26.138482450144345], [91.66798050970851, 26.1383858611229], [91.66801773972989, 26.13821485801878], [91.66803653115265, 26.138041411725933], [91.6680367089888, 26.137867138149666], [91.66801827166422, 26.13769366089564], [91.66798139103025, 26.13752259614352], [91.6679264107596, 26.137355537590196], [91.6678538431417, 26.137194041602626], [91.66766354094712, 26.136823028302665], [91.66766757125986, 26.136757315840654], [91.6676694658372, 26.13659593719364], [91.66765538787001, 26.13643505051702], [91.66762544990104, 26.136275941230384], [91.66757989118591, 26.136119880547533], [91.66751907577947, 26.135968115320175], [91.66751563025869, 26.135960587235182], [91.66749207885535, 26.135798574508787], [91.66753389863585, 26.13557331381361], [91.66755693164657, 26.1353956085334], [91.66756036651444, 26.13521671808336], [91.66754416960005, 26.135038399082603], [91.66753283196894, 26.13498245833067], [91.66753350452306, 26.1349813092503], [91.66759131361863, 26.134854403004113], [91.66764824150833, 26.134821202234782], [91.66780414604405, 26.134708934287396], [91.66794688970879, 26.1345832106753], [91.66807505347452, 26.134445281263552], [91.6682030527239, 26.134292679834726], [91.66828837618901, 26.134182684570366], [91.66836440716925, 26.134067269710727], [91.66862160299115, 26.133641566452084], [91.6687095504546, 26.133476614615383], [91.66877854158594, 26.13330447215551], [91.66882786725941, 26.133126908646886], [91.66885702051258, 26.13294574938303], [91.66886570175421, 26.132762856612487], [91.66885787121716, 26.13264240114952], [91.66898809897013, 26.132573608631308], [91.66914540657272, 26.13247081479923], [91.66929092918568, 26.1323547355593], [91.66942329508461, 26.132226465122557], [91.66954125657789, 26.132087212616295], [91.66964370176737, 26.13193829068528], [91.66979929934276, 26.13168548872617], [91.66988484899842, 26.131529158615724], [91.66992052417915, 26.13144417332266], [91.6699583596322, 26.131414532703058], [91.67009065060891, 26.131288884969216], [91.67020898350425, 26.13115236503306], [91.67031226766873, 26.131006231224703], [91.67033032802577, 26.130974283273584], [91.67037602431304, 26.13094201701739], [91.67052117506267, 26.1308163850454], [91.67065161717173, 26.13067823198213], [91.67076603220805, 26.130528954250554], [91.67086326375137, 26.130370060714746], [91.67094232908065, 26.130203157427403], [91.67094444017013, 26.130197997783974], [91.67114907326899, 26.129974036765518], [91.67126505739961, 26.129833762738393], [91.67136544899617, 26.129684010043697], [91.67144930459568, 26.129526186119236], [91.67151583615741, 26.129361774254296], [91.67156441846724, 26.12919231964824], [91.67159459501119, 26.129019414887484], [91.67160875757025, 26.128901245005657], [91.67163143455919, 26.128849500702216], [91.6716859980518, 26.128676175945227], [91.67172115161675, 26.128498805058914], [91.67173654523255, 26.128319154554955], [91.67173202567882, 26.128139013640837], [91.67170763805866, 26.127960176400148], [91.67166362534583, 26.127784423924695], [91.67160042596133, 26.12761350657623], [91.67151866940375, 26.127449126554634], [91.67141916997679, 26.12729292094601], [91.67130291867687, 26.12714644541952], [91.67117107332155, 26.127011158735275], [91.67102494701706, 26.126888408217567], [91.6708659950801, 26.126779416337993], [91.67069580054395, 26.126685268542108], [91.67055162866316, 26.126622410811894], [91.6705466073393, 26.12659100172045], [91.67049879775182, 26.126416750361315], [91.67043205605388, 26.126247645899515], [91.670347042081, 26.126085359964353], [91.67024459628388, 26.125931496775664], [91.67012573141793, 26.125787577286737], [91.66999162253003, 26.125655024150543], [91.66984359534162, 26.125535147657803], [91.66968311314312, 26.125429132785936], [91.66951176232901, 26.125338027486755], [91.66933123671674, 26.125262732328657], [91.66914332080442, 26.125203991595686], [91.66897762298206, 26.125160392315603], [91.66872837788443, 26.12511013993478], [91.66869556305875, 26.125105485357846], [91.66864654679496, 26.1250576511208], [91.66849786939909, 26.124938749373396], [91.66833686104013, 26.124833745860023], [91.66816510959227, 26.124743676108718], [91.66798430886371, 26.124669428370176], [91.66779624189364, 26.124611734859023], [91.66760276336966, 26.124571164533876], [91.66754467790925, 26.124564368519835], [91.66754747123758, 26.124563777042713], [91.66773404811728, 26.124506273014756], [91.66791344703547, 26.124432466566084], [91.66808392489362, 26.124343074826605], [91.66824382528387, 26.124238966357783], [91.6683915945844, 26.124121152712362], [91.66852579705571, 26.123990778604817], [91.66864512879071, 26.12384911078779], [91.66874843038349, 26.123697525742816], [91.66883469819315, 26.123537496304973], [91.66890309409396, 26.12337057735139], [91.66894609234313, 26.123247276721386], [91.66899675582951, 26.123071605716447], [91.66902762306327, 26.122892230186853], [91.6690383821265, 26.122710963274457], [91.66902892435905, 26.1225296372312], [91.66899934545323, 26.122350084898397], [91.66899574050248, 26.12233724426601], [91.66909307363899, 26.122290387945597], [91.66930767560821, 26.122174786513852], [91.66947095625133, 26.122076722885485], [91.66962281303958, 26.121964694905877], [91.66976178593654, 26.121839779696572], [91.66988653879378, 26.12170317828379], [91.66999587219733, 26.12155620404983], [91.67008873499884, 26.12140027010415], [91.67016423442067, 26.121236875695743], [91.67022164463764, 26.121067591797406], [91.67026041375328, 26.120894046000608], [91.67028016910325, 26.120717906866183], [91.67028072083535, 26.120540867881438], [91.67026206373156, 26.12036463117777], [91.67022437725487, 26.12019089116556], [91.67016802382068, 26.120021318243534], [91.6701171625997, 26.1199094763426], [91.67046257151802, 26.119848708691933], [91.6706156624322, 26.119816086118608], [91.67082320036472, 26.11976400395746], [91.67126883936153, 26.11968781852679], [91.6714595966597, 26.119646364065897], [91.67164493651148, 26.119588235455783], [91.67211064229934, 26.119418633290202], [91.67218091649279, 26.11939162074311], [91.67243281945066, 26.119289619443702], [91.67261467049202, 26.11920566436986], [91.6727860880207, 26.11910540334917], [91.67294528423774, 26.118989882066334], [91.67313617266696, 26.118836237354095], [91.67321073209251, 26.11878796817954], [91.67329539319952, 26.118730024466668], [91.67363109491941, 26.118487321656083], [91.67378619177958, 26.11836272756521], [91.67392614546893, 26.118224289836427], [91.67404944792605, 26.118073500246766], [91.67415477053541, 26.117911983669288], [91.6742190924885, 26.117784766938588], [91.67425752412622, 26.117758102471246], [91.67439519346449, 26.117642479462507], [91.67452022627448, 26.117515695604666], [91.67463151740162, 26.117378871569404], [91.67472808316768, 26.11723321677232], [91.67480907006478, 26.117080018681836], [91.67487376229835, 26.116920631438166], [91.67492158811241, 26.116756463883178], [91.67495212484128, 26.116588967106797], [91.67496510264328, 26.116419621620228], [91.67496829570496, 26.11628890622329], [91.67497529796712, 26.116274762561112], [91.67504788125663, 26.116105884322298], [91.67510135513034, 26.115931290138885], [91.67513518142559, 26.115752737409224], [91.67514901975062, 26.115572023369175], [91.67514273090735, 26.115390967001343], [91.67511637828879, 26.115211390725836], [91.6750702272372, 26.115035102056652], [91.67500474236968, 26.114863875408492], [91.67492058289822, 26.114699434237018], [91.67481859599133, 26.114543433692404], [91.67469980824433, 26.114397443960563], [91.67456541534433, 26.11426293445988], [91.67441677003376, 26.114141259052364], [91.67439048473746, 26.11412182002022], [91.6743880644105, 26.114080499796216], [91.674359462233, 26.11390863055778], [91.6743126889818, 26.113740040225323], [91.67424817811006, 26.11357629086438], [91.67416652741132, 26.113418899680145], [91.67406849347825, 26.11326932496048], [91.67395498469033, 26.11312895256506], [91.67382705279566, 26.112999083085786], [91.67359455247208, 26.112784785350023], [91.67358551495468, 26.112776508817472], [91.67323021456303, 26.112453212259535], [91.67309640885831, 26.112342054225678], [91.67295197350602, 26.112242327476963], [91.67279810247237, 26.112154856378837], [91.67278429665744, 26.112148509429186], [91.67197855932248, 26.111386105814734], [91.67183133693887, 26.111260241748738], [91.67167075560478, 26.111148482430288], [91.67034036334375, 26.11031609311542], [91.67018033121595, 26.11022574726649], [91.67001157821757, 26.110149424206227], [91.66983560740653, 26.110087803723275], [91.66965398611937, 26.110041434652697], [91.66946833201284, 26.110010729988424], [91.66928029865741, 26.10999596320531], [91.66909156081137, 26.10999726582387], [91.66890379950621, 26.110014626239074], [91.66871868707621, 26.110047889823832], [91.6683938120752, 26.110120809110015], [91.6683127617799, 26.11008457611657], [91.66813771308895, 26.11002400557478], [91.66795715167159, 26.109978498952657], [91.66777266402977, 26.109948456089892], [91.66758587115791, 26.10993414095396], [91.66739841430183, 26.109935679321183], [91.66721194053999, 26.10995305767185], [91.66568416352916, 26.11016115543733], [91.66553483632816, 26.110186768252582], [91.66486544602363, 26.110325566574247], [91.66469029899437, 26.110369536712636], [91.6645202980202, 26.11042768417105], [91.66435684778241, 26.11049952848956], [91.66420129884179, 26.11058447603387], [91.66405493648, 26.110681824899885], [91.66262875347047, 26.111723905131235], [91.66248851846598, 26.11163517491516], [91.66231223427823, 26.111546103191113], [91.66212689657324, 26.11147354151043], [91.66193439637988, 26.111418230222007], [91.66173669779621, 26.111380733666476], [91.66065531358154, 26.111226636590725], [91.6604725478662, 26.111208318794535], [91.66028869116228, 26.111205234208295], [91.65939271425704, 26.11122740849238], [91.65858249227534, 26.11098671939987], [91.65834571330817, 26.110930619212972], [91.6581031165023, 26.110901056385188], [91.65751942534533, 26.110862557312544], [91.65730047183038, 26.110858968506367], [91.6570823963414, 26.11087701421172], [91.65686781359378, 26.110916478056637], [91.65665929642967, 26.11097688686638], [91.65655319573467, 26.11101352184346], [91.6564065413144, 26.111019697454704], [91.6562219972243, 26.1110431473115], [91.6560406721065, 26.111082004157794], [91.65586414048074, 26.111135930581494], [91.65569393524798, 26.111204458315118], [91.65553153438113, 26.111286992301455], [91.6554846757469, 26.111316304105088], [91.65545240179321, 26.11130333192854], [91.65526515189052, 26.111247276452897], [91.65507412019537, 26.11119938940094], [91.65497397324138, 26.111125561612422], [91.65481031261568, 26.11102738675104], [91.65463677092575, 26.11094418544373], [91.65445502341392, 26.110876760841915], [91.65426682452389, 26.110825763800626], [91.65407399096655, 26.110791686596638], [91.65387838418503, 26.110774858177127], [91.65342949103513, 26.11075625872681], [91.6532320633079, 26.110756885465577], [91.6530356660331, 26.11077508361499], [91.65284221315679, 26.110810675825523], [91.65265358993422, 26.11086331523755], [91.65247163455984, 26.110932488861273], [91.65229812025581, 26.111017522575413], [91.65213473799301, 26.111117587696008], [91.65198308001341, 26.111231709051367], [91.6518446243139, 26.111358774484422], [91.65172072024288, 26.11149754569002], [91.65161257535004, 26.11164667028159], [91.65152124361731, 26.111804694969635], [91.65144761518573, 26.11197007972356], [91.6513924076787, 26.112141212779132], [91.65135615920568, 26.112316426345096], [91.6512555482884, 26.11298382455171], [91.65123832788775, 26.11316885173445], [91.6512422470957, 26.113354497193697], [91.65125231159568, 26.1134286410978], [91.65124914117884, 26.113430371874923], [91.65106055364929, 26.113547115891404], [91.65088795935624, 26.113682531330042], [91.6504501600028, 26.11406782716572], [91.6504026682379, 26.1141138144454], [91.65035582405456, 26.11394938041669], [91.65028940516697, 26.11378455575706], [91.65020558558693, 26.113626326778295], [91.65003978244387, 26.11334882865568], [91.64993749653883, 26.11319619884807], [91.6498190268971, 26.11305342659488], [91.64968553003074, 26.112921905581334], [91.64953830912829, 26.11280291965761], [91.6493788013329, 26.112697630307547], [91.64920856371333, 26.112607065311963], [91.64902925806497, 26.112532108717126], [91.6488426346892, 26.112473492206178], [91.64865051530927, 26.11243178795787], [91.64845477528961, 26.112407403062043], [91.64825732533167, 26.11240057554652], [91.6482530410144, 26.11240081007294], [91.64814272377625, 26.112376068160568], [91.64793333636864, 26.112349862993433], [91.64772205492767, 26.112343757234918], [91.64751123988363, 26.112357819094175], [91.64730324645596, 26.112391891468214], [91.64708044967037, 26.11243949089095], [91.64688798019164, 26.112489926999814], [91.64670206828316, 26.112557500831773], [91.64652458086395, 26.11264153381404], [91.6465050128629, 26.11265319040082], [91.64645633254383, 26.112655685814037], [91.6462932350322, 26.112671185677666], [91.64614387105426, 26.112691558258526], [91.64598224205267, 26.11267981326844], [91.64598199082904, 26.1126793264181], [91.64588805719764, 26.11253427697114], [91.64577959547954, 26.112397738757043], [91.64565754497559, 26.11227089416099], [91.64552296265174, 26.112154841619883], [91.64544796279746, 26.11209594230042], [91.64529930172343, 26.11198993104585], [91.64528198168492, 26.111979824908996], [91.64527382870365, 26.11191748825805], [91.64526072756081, 26.111848388390122], [91.64522040581413, 26.11168286340903], [91.64516307090825, 26.11152148093613], [91.64508922808876, 26.1113656629066], [91.64499952804483, 26.111216782221778], [91.64489476117393, 26.111076150653183], [91.64477585061607, 26.110945007285395], [91.6446438441188, 26.110824507599396], [91.64449990480487, 26.11071571329275], [91.64434530092365, 26.110619582926027], [91.64418139467683, 26.110536963478108], [91.64400963021697, 26.11046858288449], [91.64390833140415, 26.11043328343124], [91.64376062876406, 26.110389100982097], [91.64373600058302, 26.11037395869479], [91.64355888878653, 26.110287211260093], [91.64337300755528, 26.110216994309315], [91.64324360912445, 26.11017489497248], [91.64305182614466, 26.110122142786423], [91.64285515679167, 26.110086991626844], [91.64265557752312, 26.11006979474648], [91.64245509403536, 26.11007072496391], [91.64225572110979, 26.11008977292716], [91.64205946236781, 26.110126747207822], [91.64186829013795, 26.110181276224733], [91.64176319149146, 26.110216575775695], [91.6415852733453, 26.110285354387777], [91.64141555215353, 26.110369337824824], [91.64125561745931, 26.110467739536116], [91.64116945213016, 26.110532601626932], [91.64114638695224, 26.110521173577666], [91.64096507082516, 26.110451324659216], [91.64077701877444, 26.110397931311418], [91.64058405795497, 26.1103615123104], [91.64038806320906, 26.110342421505845], [91.64019093885233, 26.110340844383582], [91.63999460017364, 26.1103567962637], [91.63980095482837, 26.11039012215187], [91.63961188430595, 26.1104404982452], [91.63917429007303, 26.110578596493276], [91.6389968991149, 26.110643331653804], [91.63882717202029, 26.110723075198287], [91.63866666232452, 26.11081709722754], [91.63851683920522, 26.110924537149234], [91.63837907403554, 26.111044411554087], [91.63825462783227, 26.11117562321622], [91.63815837924648, 26.11129931421217], [91.6373920128547, 26.11047466076839], [91.63739234221599, 26.110447683619007], [91.63754543405985, 26.109768017106155], [91.63757382524727, 26.109603399661207], [91.63758528895676, 26.10943712034583], [91.6375797276547, 26.109270594908963], [91.6375571887636, 26.1091052411892], [91.63751786425573, 26.10894246704292], [91.63746208901638, 26.10878365835764], [91.63722868083336, 26.108212061035847], [91.63715218854342, 26.108049667326036], [91.63705850287637, 26.107894790977724], [91.6369485188283, 26.10774891144063], [91.63682328707351, 26.107613422217092], [91.63668400392645, 26.107489617551707], [91.63653199991302, 26.107378680069278], [91.63636872706041, 26.107281669479082], [91.636195745027, 26.107199512453253], [91.63601470620455, 26.107132993776002], [91.63547361284162, 26.10696149649564], [91.63528972407397, 26.106912021529332], [91.63510143008082, 26.10687868571433], [91.63491046428035, 26.106861795933757], [91.63471858468306, 26.106861507669926], [91.63452755770996, 26.10687782357334], [91.63433914193328, 26.10691059343843], [91.63342675504435, 26.107110691005897], [91.63325760570335, 26.1071549925423], [91.63309342946577, 26.10721255880443], [91.63245079774347, 26.10746783055863], [91.63226723070535, 26.107454760265295], [91.63222733172707, 26.107436850203822], [91.63158178756656, 26.10693055392151], [91.63143031860189, 26.106822870571214], [91.63126806894292, 26.106728855930715], [91.63109654649176, 26.106649383728683], [91.63049185287377, 26.106401687407104], [91.63031464014387, 26.10633811021492], [91.63013152618085, 26.10629006118157], [91.62994417591322, 26.106257977179148], [91.62889389138061, 26.106124579800035], [91.62888574697213, 26.106123560753534], [91.62477802943107, 26.10561730202233], [91.62372129982542, 26.105260616564056], [91.62206280530702, 26.10441747935024], [91.6214573652531, 26.103903920207955], [91.61802764822934, 26.100994636904144], [91.61788031367803, 26.100881262734077], [91.61772152835267, 26.100781282599932], [91.61755278028872, 26.10069563343223], [91.61737565087286, 26.100625117861014], [91.61719180002456, 26.100570396695183], [91.617002950642, 26.100531982730892], [91.61681087245842, 26.1005102359467], [91.61661736545966, 26.100505360130775], [91.61642424301863, 26.100517400971555], [91.61632633382898, 26.100532192735134], [91.61615998507455, 26.100483724291884], [91.61597355116261, 26.100446673489984], [91.6157840539624, 26.10042584253748], [91.6155932203411, 26.10042142126134], [91.61540278934214, 26.100433449948955], [91.61521449633985, 26.100461818981106], [91.61503005722713, 26.100506269830923], [91.614851152781, 26.100566397419595], [91.61467941334766, 26.100641653807465], [91.614516403987, 26.100731353186763], [91.6143636102116, 26.10083467813067], [91.61367401340318, 26.101349172238155], [91.61355266584226, 26.101447491403597], [91.61344059249883, 26.10155440944624], [91.6129896915289, 26.1020213047489], [91.61287840655098, 26.102147501058486], [91.61278004049673, 26.102282161755927], [91.61269537857521, 26.102424211968806], [91.61262509661574, 26.10257251783744], [91.61239698941624, 26.10312031462098], [91.61234136603939, 26.103274611766828], [91.61230131013895, 26.10343279468865], [91.61227714530095, 26.103593585774924], [91.6122690667657, 26.103755686343437], [91.61226905614704, 26.10437968591596], [91.61227554680043, 26.10452506579431], [91.61229498162858, 26.104669501757712], [91.61241167087567, 26.10531740290387], [91.61244726461598, 26.10547200774728], [91.61249768437501, 26.105623213336692], [91.61256254453693, 26.105769863063976], [91.61281713791988, 26.106279565979314], [91.61290514313059, 26.106435187180388], [91.6130050752284, 26.106576295352916], [91.61316483705292, 26.10727130922656]], [[91.65854163366576, 26.124582396064696], [91.65842613290118, 26.12443093148571], [91.65829416558718, 26.12429085716307], [91.65814710051473, 26.124163625912455], [91.65798646304988, 26.12405055733928], [91.6578139193125, 26.123952824153495], [91.6576312588961, 26.123871440007946], [91.65744037630758, 26.123807248986402], [91.65724325131967, 26.123760916850177], [91.65704192843955, 26.123732924134085], [91.65683849570655, 26.123723561163363], [91.65682470965072, 26.123723561193543], [91.65677571763449, 26.123584335133206], [91.65674989878222, 26.123530216694387], [91.65700481902921, 26.123294536176164], [91.65732008478493, 26.123189456845033], [91.65741023630363, 26.12319440723207], [91.65756554005046, 26.123202939046376], [91.65766779207102, 26.123222487433726], [91.65783678321603, 26.123241428449923], [91.65800694669383, 26.12324732398813], [91.65824295032394, 26.123246424115692], [91.65845549918572, 26.123235384359518], [91.65866554390975, 26.12320401177448], [91.65887070446458, 26.12315266184139], [91.65906865616817, 26.12308191640555], [91.65974676402394, 26.122801012832966], [91.65992253251922, 26.12271845273723], [91.66008838933118, 26.122620598078687], [91.66024270673097, 26.12250840922062], [91.66038397025208, 26.12238298720271], [91.66045718496267, 26.122303652640817], [91.66047255764725, 26.122304893529865], [91.66059946341221, 26.12230446804091], [91.66062497398731, 26.122348289136564], [91.66068386898684, 26.122559790332502], [91.66074107697928, 26.122729490900856], [91.66079410993535, 26.122844743381393], [91.66079511746624, 26.122859858583386], [91.66082371252814, 26.123026605649052], [91.66086942608611, 26.12319021484024], [91.66093185896993, 26.123349257268565], [91.66102435616537, 26.12355395833421], [91.6611058093349, 26.123711951736997], [91.66120375595456, 26.123862120576977], [91.66131728364017, 26.124003065917126], [91.66144533484687, 26.1241334747391], [91.66158671671973, 26.124252132175975], [91.6617401122053, 26.12435793283072], [91.6619040923208, 26.124449891075002], [91.66207712946664, 26.124527150232172], [91.66225761165798, 26.12458899055901], [91.66244385754314, 26.12463483595162], [91.6626064705443, 26.12465998185201], [91.66248140607745, 26.124702724549056], [91.66230167756964, 26.124773423758068], [91.66213047973825, 26.124859667062466], [91.66196945737597, 26.124960625881336], [91.6618201575262, 26.125075330253384], [91.66168401462045, 26.125202678154764], [91.66156233669732, 26.125341446085784], [91.6614880210199, 26.12544576373135], [91.66138045805033, 26.125301520681177], [91.66125451789414, 26.125164134254398], [91.66111417919453, 26.12503863250483], [91.66096081090699, 26.12492623961665], [91.66079590906845, 26.124828051902075], [91.66062108220451, 26.12474502710874], [91.66043803564007, 26.124677975078715], [91.66024855486641, 26.124627549850082], [91.66005448812668, 26.124594243278246], [91.65956169539682, 26.124532244493594], [91.65936054499235, 26.12451622780533], [91.65915863073852, 26.12451860155156], [91.65895801062652, 26.124539341534426], [91.65876072945822, 26.124578236359863], [91.6585727661476, 26.124633718302295], [91.65854163366576, 26.124582396064696]], [[91.64481557325907, 26.116780201990775], [91.64475076512676, 26.116670613650566], [91.6447782338077, 26.116674530002104], [91.64517073967286, 26.11671383082582], [91.64535333448475, 26.116724510446925], [91.64553624627771, 26.116720079493465], [91.6455399096988, 26.11671983900206], [91.64543386890544, 26.116741196476553], [91.64525877137335, 26.11678409594467], [91.64507033752447, 26.11683944540718], [91.64488889552065, 26.116911357080436], [91.64487810287048, 26.116916843013033], [91.64481557325907, 26.116780201990775]], [[91.6517191527642, 26.125571566748807], [91.65172045909341, 26.1255703036361], [91.65176908888246, 26.125512244464684], [91.65178982064408, 26.12550803992713], [91.65184024987228, 26.125492882150237], [91.65183346312278, 26.12551129304339], [91.65180855896376, 26.125610938276992], [91.6517191527642, 26.125571566748807]], [[91.64551370000001, 26.1295956], [91.6444537, 26.129663299999994], [91.6444625, 26.129853999999998], [91.6443971, 26.129996500000004], [91.6444718, 26.130159999999997], [91.6445279, 26.1303026], [91.6445045, 26.1304829], [91.6444298, 26.1305793], [91.6441403, 26.1306338], [91.6439488, 26.1306338], [91.6438134, 26.1307219], [91.6436499, 26.130801499999997], [91.6435705, 26.130814100000002], [91.6434211, 26.130774299999995], [91.6433709, 26.130707199999993], [91.6433908, 26.130627499999996], [91.643351, 26.130430399999998], [91.6433113, 26.130134899999995], [91.643323, 26.129927299999995], [91.6432997, 26.1297869], [91.6432751, 26.1297385], [91.6429993, 26.129405099999993], [91.6425643, 26.1291956], [91.6424385, 26.129365000000004], [91.6406986, 26.129507900000004], [91.6405553, 26.128602999999995], [91.639749, 26.128517300000002], [91.6390313, 26.1282145], [91.6386562, 26.127798099999996], [91.6380462, 26.126421699999998], [91.6375884, 26.125652099999996], [91.6373513, 26.124997699999998], [91.6372717, 26.124345200000004], [91.637399, 26.123744999999996], [91.6380871, 26.123023099999997], [91.6378165, 26.1229135], [91.6368791, 26.123383099999998], [91.6365078, 26.124116499999996], [91.6362092, 26.124375699999995], [91.63615610000001, 26.12589029999999], [91.6346814, 26.1263189], [91.63324470000002, 26.125637], [91.6331618, 26.1258353], [91.6344143, 26.1264637], [91.6351868, 26.1278315], [91.6353584, 26.1291994], [91.6357447, 26.130413], [91.6354802, 26.1308709], [91.6355287, 26.131383300000003], [91.6356845, 26.131400899999996], [91.6359423, 26.131508299999997], [91.6360501, 26.1317234], [91.6359849, 26.131847699999998], [91.6359418, 26.131896599999994], [91.6358379, 26.131920300000004], [91.635761, 26.131900699999996], [91.6354657, 26.131934899999997], [91.6355301, 26.1325706], [91.6349722, 26.133495300000003], [91.63589490000001, 26.1349594], [91.6358339, 26.135085599999996], [91.6353107, 26.136168599999998], [91.634175, 26.13633759999999], [91.63396200000001, 26.136427699999995], [91.6339192, 26.136583899999998], [91.6338253, 26.1366595], [91.6338209, 26.136856199999997], [91.6336111, 26.136830499999995], [91.6334588, 26.136664000000003], [91.6334052, 26.1362858], [91.6332793, 26.136085699999995], [91.6332392, 26.135941599999995], [91.63311, 26.135905599999997], [91.6327929, 26.135864799999993], [91.632634, 26.1356171], [91.6326236, 26.1352392], [91.6320859, 26.135058300000004], [91.6307511, 26.1345662], [91.6306378, 26.1366353], [91.6295864, 26.1368857], [91.6295595, 26.135674599999998], [91.6292799, 26.135582700000004], [91.6289348, 26.135591299999994], [91.6284596, 26.135789000000003], [91.6281868, 26.135609499999997], [91.6277141, 26.1353437], [91.62765530000001, 26.135475], [91.6278019, 26.1357906], [91.6275924, 26.135976799999998], [91.6275472, 26.136172899999995], [91.6270457, 26.136288499999996], [91.626703, 26.136462799999993], [91.62649110000001, 26.1362933], [91.6263174, 26.136069099999997], [91.62618850000001, 26.136045], [91.6258915, 26.135677099999995], [91.6252733, 26.134901599999996], [91.6253939, 26.134852599999995], [91.6254093, 26.1344416], [91.6256054, 26.134102400000003], [91.6258308, 26.133868], [91.6260758, 26.1337858], [91.6260445, 26.1335236], [91.6266605, 26.133316099999995], [91.6266021, 26.133111000000003], [91.6268181, 26.1328248], [91.6265188, 26.1326826], [91.6267231, 26.1322043], [91.6274346, 26.1318324], [91.627348, 26.1317011], [91.6281704, 26.1311096], [91.6284705, 26.130624900000004], [91.6283203, 26.1302011], [91.627977, 26.129295699999997], [91.6277695, 26.1282834], [91.6281487, 26.128139799999992], [91.6288772, 26.1281147], [91.6292247, 26.127733099999993], [91.6291701, 26.127388200000002], [91.62960950000002, 26.1272466], [91.6295805, 26.1270726], [91.6297925, 26.1269811], [91.629915, 26.126710899999996], [91.6302434, 26.126625699999998], [91.6307868, 26.126233299999992], [91.6290834, 26.1267515], [91.6290931, 26.1272437], [91.6285984, 26.127292299999997], [91.6284324, 26.127075299999994], [91.627977, 26.127195799999996], [91.6273333, 26.128255399999993], [91.6264535, 26.128062699999997], [91.6260458, 26.1276196], [91.6260244, 26.1269646], [91.6263033, 26.126617799999995], [91.6269256, 26.126733399999992], [91.6268827, 26.126483000000007], [91.6265608, 26.1262133], [91.6262604, 26.1260977], [91.6262819, 26.125384899999997], [91.6265823, 26.125038099999998], [91.6278697, 26.125519699999998], [91.6284276, 26.1259628], [91.6285993, 26.1255583], [91.6290499, 26.125307800000005], [91.6293718, 26.125384899999997], [91.6291143, 26.125115199999996], [91.629479, 26.124749099999995], [91.6287495, 26.1242675], [91.6283203, 26.1244409], [91.6279556, 26.124980299999997], [91.6275479, 26.124729800000004], [91.6276337, 26.124383100000003], [91.6271402, 26.124286699999992], [91.6264535, 26.124286699999992], [91.6265608, 26.123728], [91.6263157, 26.123237099999997], [91.6261212, 26.1231427], [91.6258001, 26.123367], [91.6252573, 26.123459999999998], [91.6251699, 26.123093499999996], [91.6256771, 26.123082800000002], [91.6257325, 26.1228899], [91.6255092, 26.1229815], [91.6252717, 26.1228697], [91.6251971, 26.1226308], [91.6256179, 26.122595299999997], [91.62613910000002, 26.122666999999996], [91.62624, 26.1220955], [91.6268223, 26.1218037], [91.6269915, 26.1216869], [91.6275005, 26.121176200000004], [91.62761310000002, 26.121370899999995], [91.6271736, 26.121959599999997], [91.6269303, 26.1225096], [91.627279, 26.123024899999997], [91.6278314, 26.1236051], [91.6282989, 26.1230923], [91.628728, 26.123535399999998], [91.6287495, 26.122784], [91.629758, 26.123284899999998], [91.6299726, 26.1237858], [91.6302086, 26.124113299999994], [91.6303374, 26.12359319999999], [91.6310669, 26.1240748], [91.63126, 26.1245565], [91.6319038, 26.124595], [91.6323973, 26.124440900000003], [91.6326762, 26.1251152], [91.63183940000002, 26.125712399999998], [91.6323115, 26.126155500000003], [91.6329552, 26.125731599999995], [91.6330866, 26.1257975], [91.6331643, 26.1255988], [91.6330157, 26.125528299999996], [91.6328937, 26.124004199999998], [91.6324815, 26.123183], [91.6323754, 26.122787699999993], [91.6324232, 26.122439999999997], [91.6322746, 26.1219562], [91.6320996, 26.121796999999997], [91.63149, 26.121737899999996], [91.6307076, 26.1217988], [91.6300362, 26.122072499999998], [91.62928080000002, 26.1222287], [91.6298189, 26.121883899999997], [91.6307213, 26.1214301], [91.63141, 26.121201700000004], [91.6320306, 26.121041699999992], [91.6321367, 26.120684499999992], [91.6319548, 26.120279600000003], [91.6317389, 26.120389199999998], [91.63155850000001, 26.120351100000004], [91.6313887, 26.11999859999999], [91.63153200000002, 26.119584199999995], [91.63190170000001, 26.1188983], [91.6317654, 26.1187697], [91.6312933, 26.11868399999999], [91.6310678, 26.1186364], [91.6309538, 26.118488700000004], [91.6310386, 26.1184054], [91.6312933, 26.118379200000003], [91.6318503, 26.11839349999999], [91.6320412, 26.11816009999999], [91.6320518, 26.117888599999997], [91.6319776, 26.117698099999995], [91.631654, 26.117645700000004], [91.6311553, 26.1175599], [91.6309697, 26.1174027], [91.6309166, 26.1172598], [91.631219, 26.117174099999996], [91.6315479, 26.1171265], [91.6314842, 26.1168455], [91.631272, 26.116702599999996], [91.630837, 26.116650200000002], [91.6306726, 26.116440599999994], [91.631028, 26.1163501], [91.6310651, 26.116107199999995], [91.6308211, 26.1158785], [91.6306036, 26.1157023], [91.6305983, 26.1154927], [91.6308583, 26.115416500000002], [91.630984, 26.115197400000003], [91.6309538, 26.1147973], [91.6305771, 26.114678199999997], [91.6300944, 26.1146735], [91.6297761, 26.1146973], [91.6296382, 26.1144829], [91.6296567, 26.114313799999998], [91.6295268, 26.1142686], [91.629357, 26.114349599999997], [91.6289592, 26.114668699999996], [91.6284446, 26.115235499999997], [91.62841280000002, 26.115607], [91.6283594, 26.115729499999993], [91.6282328, 26.115815499999997], [91.6283612, 26.115823199999998], [91.6284002, 26.115911199999996], [91.6280636, 26.1160581], [91.6281433, 26.116308599999996], [91.6279636, 26.116346200000002], [91.6275806, 26.116460499999995], [91.6274814, 26.1162821], [91.6277205, 26.1161782], [91.6277075, 26.1161109], [91.627361, 26.116231199999998], [91.627226, 26.116143399999995], [91.6271577, 26.116006399999996], [91.6272926, 26.115949799999992], [91.6273674, 26.115836500000004], [91.6281608, 26.115477899999995], [91.6281051, 26.115359399999996], [91.6278558, 26.1151831], [91.628243, 26.1148735], [91.6286144, 26.1144162], [91.628625, 26.114130499999998], [91.6281741, 26.114073300000005], [91.6280361, 26.113777999999996], [91.6285242, 26.113511199999998], [91.62902280000002, 26.1124443], [91.6290971, 26.111915499999995], [91.6288478, 26.111510599999995], [91.6287719, 26.111019999999996], [91.6286303, 26.110900900000004], [91.628381, 26.110900899999997], [91.6281157, 26.110657999999997], [91.6278914, 26.110343599999997], [91.6276436, 26.1102912], [91.627251, 26.1105008], [91.6269752, 26.1109676], [91.6267561, 26.1111486], [91.626328, 26.111253399999995], [91.6257763, 26.111191500000004], [91.6253122, 26.111089100000004], [91.6248597, 26.110853299999995], [91.6235043, 26.1113963], [91.6231648, 26.111748799999997], [91.6229792, 26.111915499999995], [91.6231065, 26.112053699999997], [91.6231027, 26.1121989], [91.623011, 26.112287099999996], [91.6228253, 26.1122394], [91.6226025, 26.112268], [91.622263, 26.112572899999993], [91.6222153, 26.112996799999994], [91.6224116, 26.113220699999996], [91.6224805, 26.113806599999993], [91.6225589, 26.114001200000004], [91.622922, 26.114068099999994], [91.6232784, 26.1141125], [91.6233095, 26.114375999999996], [91.6228242, 26.114407599999996], [91.6226151, 26.114548600000003], [91.6225789, 26.1151446], [91.6221729, 26.115202199999995], [91.6217166, 26.114273299999997], [91.6217485, 26.113458799999997], [91.6215416, 26.113344499999997], [91.6211437, 26.113473099999997], [91.6211278, 26.1130349], [91.6200775, 26.1130968], [91.6199113, 26.113193799999998], [91.6196531, 26.113344499999993], [91.6194568, 26.113549299999992], [91.6186081, 26.11232989999999], [91.6192457, 26.112308999999996], [91.6192964, 26.1123395], [91.6194658, 26.112441499999996], [91.6197065, 26.112594499999997], [91.620665, 26.112587400000002], [91.6211797, 26.112438499999996], [91.6220535, 26.111862900000002], [91.62257220000001, 26.111252700000005], [91.6227617, 26.111129599999998], [91.6230853, 26.11049609999999], [91.6227988, 26.110176899999995], [91.6226556, 26.1097673], [91.6222577, 26.109557699999996], [91.6218599, 26.10957669999999], [91.6212021, 26.10949099999999], [91.6202631, 26.108976499999997], [91.6197433, 26.108219099999996], [91.6189635, 26.108080999999995], [91.6185232, 26.10769519999999], [91.6179078, 26.107466500000005], [91.6175843, 26.107861899999996], [91.6168787, 26.1084335], [91.6166612, 26.107818999999996], [91.615839, 26.107571300000004], [91.6161732, 26.107066399999997], [91.6160247, 26.106675800000005], [91.6151229, 26.106904400000005], [91.61481520000001, 26.1055659], [91.6146401, 26.1055373], [91.6143855, 26.105027599999993], [91.6142688, 26.104379699999996], [91.6142688, 26.103755700000004], [91.6144969, 26.103207899999997], [91.61494780000001, 26.102740999999998], [91.61563740000001, 26.1022265], [91.6161785, 26.102674300000004], [91.6166584, 26.102310499999998], [91.6200881, 26.105219799999993], [91.6208703, 26.10588329999999], [91.6228755, 26.106902700000003], [91.6242866, 26.107379], [91.6286153, 26.10791249999999], [91.6296656, 26.108045899999997], [91.6302703, 26.108293599999993], [91.6311085, 26.108950999999998], [91.6317238, 26.1092272], [91.6327954, 26.1093035], [91.6338988, 26.1088652], [91.6348112, 26.108665099999996], [91.6353523, 26.108836599999997], [91.6355857, 26.1094082], [91.6353947, 26.1102561], [91.6353841, 26.111123100000004], [91.6367209, 26.112561600000003], [91.6374423, 26.113561900000004], [91.6383229, 26.114009600000003], [91.63913990000002, 26.114066799999993], [91.6399037, 26.1138953], [91.6400729, 26.1137834], [91.63970690000001, 26.113168999999996], [91.6395159, 26.1130928], [91.639431, 26.1129403], [91.6395716, 26.112842700000005], [91.6398368, 26.112776], [91.639927, 26.112556899999998], [91.6398342, 26.112283], [91.6402718, 26.1121449], [91.6403275, 26.1125235], [91.6403434, 26.112649799999996], [91.6404681, 26.112811699999998], [91.6404071, 26.112904599999997], [91.6402347, 26.112987999999998], [91.6402161, 26.113145199999998], [91.64066170000001, 26.113869199999996], [91.6408506, 26.114021499999996], [91.6411896, 26.1140788], [91.6414474, 26.114178700000004], [91.6417235, 26.114023999999997], [91.641821, 26.113902799999998], [91.64182470000002, 26.113629900000003], [91.6418698, 26.113323399999995], [91.6417872, 26.113176899999992], [91.64156590000002, 26.113003500000005], [91.64143090000002, 26.112828299999997], [91.6413784, 26.112693599999997], [91.641444, 26.112634700000005], [91.6415622, 26.1126296], [91.6416785, 26.112737399999993], [91.6419523, 26.112841799999995], [91.6420536, 26.112957999999995], [91.6421773, 26.113000099999997], [91.6423011, 26.112957999999995], [91.6424287, 26.112863699999995], [91.6425506, 26.112587500000004], [91.6424999, 26.112434299999997], [91.642333, 26.112299499999995], [91.6423274, 26.112152999999996], [91.6424005, 26.1119998], [91.6424605, 26.1119088], [91.6425656, 26.1118735], [91.642695, 26.111915599999996], [91.6427456, 26.1120183], [91.6427287, 26.112131099999992], [91.6427775, 26.11222209999999], [91.6428169, 26.1122945], [91.6428957, 26.112265800000003], [91.64301380000002, 26.112183299999998], [91.643102, 26.112134499999996], [91.6431882, 26.1121177], [91.6432895, 26.112153000000003], [91.6433026, 26.1122221], [91.64327260000002, 26.1122962], [91.6430851, 26.1125201], [91.64294630000002, 26.112619500000005], [91.64292940000001, 26.112745799999995], [91.6428413, 26.112889000000003], [91.6427888, 26.113091], [91.6426612, 26.11322409999999], [91.6423518, 26.113389099999996], [91.6422899, 26.113533999999998], [91.6423124, 26.113722599999996], [91.6423255, 26.113874099999997], [91.6423911, 26.114025699999996], [91.64260310000002, 26.114069500000003], [91.6432651, 26.114076199999996], [91.6433945, 26.1140493], [91.6434846, 26.113944899999996], [91.6436852, 26.113618199999998], [91.6438222, 26.1134952], [91.6439966, 26.113439599999996], [91.6441354, 26.1134582], [91.6442104, 26.113517099999996], [91.6442479, 26.113599599999997], [91.64412410000001, 26.11374109999999], [91.6440547, 26.113923], [91.64399470000001, 26.114305299999998], [91.6440491, 26.114350699999996], [91.6463182, 26.114515599999994], [91.6465026, 26.1144668], [91.6466657, 26.1144513], [91.6467757, 26.114479899999996], [91.6468964, 26.114554899999995], [91.6470078, 26.114578699999996], [91.647281, 26.114522799999996], [91.6475171, 26.1143549], [91.647541, 26.1141965], [91.6477638, 26.1141489], [91.6480529, 26.114228599999997], [91.6482796, 26.114205999999996], [91.6484454, 26.1144835], [91.6484178, 26.1147646], [91.6483224, 26.114998000000003], [91.6481523, 26.1148407], [91.6478685, 26.114791899999997], [91.6476165, 26.1148705], [91.6474176, 26.114970499999995], [91.64719750000002, 26.1150074], [91.646911, 26.115008599999996], [91.6466352, 26.114975299999998], [91.6463978, 26.1149062], [91.6462572, 26.1149324], [91.646057, 26.114926499999996], [91.6456989, 26.114899099999995], [91.6453912, 26.114919299999997], [91.6449987, 26.114880000000003], [91.6448263, 26.114798999999994], [91.6446485, 26.114803799999997], [91.6444125, 26.114863299999996], [91.6441419, 26.114868099999995], [91.6437971, 26.114815699999998], [91.6434762, 26.114763300000003], [91.64297760000001, 26.1147752], [91.6426566, 26.114737099999996], [91.6422747, 26.1148395], [91.6420519, 26.114946699999994], [91.6419352, 26.114977699999997], [91.6419166, 26.1150539], [91.6420068, 26.115191999999997], [91.6421739, 26.115284900000002], [91.6422508, 26.115523000000003], [91.6423357, 26.1157326], [91.6423914, 26.115892199999998], [91.6423171, 26.116066], [91.6422932, 26.116180399999998], [91.64221370000001, 26.1162423], [91.64210760000002, 26.116249400000004], [91.6420015, 26.116201799999995], [91.6419564, 26.116106500000004], [91.641906, 26.1159255], [91.6417362, 26.1158565], [91.64167520000001, 26.115651600000003], [91.641402, 26.1150991], [91.6410891, 26.1149372], [91.6407761, 26.114899100000002], [91.6403069, 26.114857499999996], [91.6397353, 26.115067200000002], [91.6394711, 26.115411100000003], [91.6392377, 26.115299200000003], [91.6390786, 26.115513499999995], [91.6394926, 26.1158149], [91.639978, 26.117286700000005], [91.6402551, 26.1176168], [91.6405522, 26.117750199999996], [91.640706, 26.1179002], [91.6409155, 26.117945499999998], [91.6412736, 26.1178002], [91.6415335, 26.117674], [91.6416582, 26.117685899999994], [91.6417696, 26.1178645], [91.6420773, 26.117902600000004], [91.6423345, 26.117847799999993], [91.6425627, 26.1177335], [91.64273770000001, 26.1175883], [91.643007, 26.117550999999995], [91.642987, 26.117897899999996], [91.6427059, 26.1180693], [91.6421423, 26.1183822], [91.6418359, 26.118286], [91.641637, 26.118243199999995], [91.641393, 26.1183075], [91.641222, 26.118456], [91.6413691, 26.118990999999998], [91.6412577, 26.119133899999998], [91.6411781, 26.1194292], [91.6410535, 26.1196054], [91.6409753, 26.119934899999997], [91.6408625, 26.120024499999996], [91.6407431, 26.119960199999998], [91.6406185, 26.119822099999993], [91.6405483, 26.119656299999995], [91.6405601, 26.119529199999995], [91.6406689, 26.119383900000003], [91.6408254, 26.1191958], [91.6408174, 26.11893379999999], [91.640779, 26.1188204], [91.6403267, 26.118390799999993], [91.6397538, 26.118052699999996], [91.6396636, 26.1178955], [91.6394077, 26.117817800000005], [91.6390827, 26.1179455], [91.6388573, 26.118095499999995], [91.6387432, 26.118328899999998], [91.6387579, 26.118553699999993], [91.6388493, 26.1186766], [91.6394024, 26.1190633], [91.6394779, 26.119202899999998], [91.6394806, 26.119367300000004], [91.6394329, 26.119493499999994], [91.6392127, 26.1198197], [91.6391358, 26.119981700000004], [91.6391186, 26.1201254], [91.639157, 26.1203127], [91.6392445, 26.1206795], [91.6391823, 26.120858899999998], [91.6392551, 26.1212629], [91.6394051, 26.121535299999998], [91.63970610000001, 26.121748699999994], [91.639925, 26.121792500000005], [91.6405681, 26.1215487], [91.6418373, 26.1211471], [91.64242470000002, 26.120972399999996], [91.642629, 26.12088659999999], [91.6428638, 26.120696999999996], [91.6433849, 26.119862599999994], [91.6435944, 26.1196221], [91.6438331, 26.119300599999992], [91.6439923, 26.1191648], [91.6441541, 26.119069599999992], [91.6443756, 26.1190633], [91.6450532, 26.119048100000004], [91.6454219, 26.119019599999994], [91.6456922, 26.1189289], [91.6458436, 26.118802799999997], [91.6457641, 26.118669499999996], [91.6457826, 26.1185266], [91.6459577, 26.1184837], [91.6461323, 26.118529199999998], [91.64717700000001, 26.11856669999999], [91.6474039, 26.118477699999996], [91.6474401, 26.118200199999997], [91.6475064, 26.1178646], [91.647537, 26.117610900000003], [91.64776370000001, 26.117516499999997], [91.64780830000001, 26.1177659], [91.6478615, 26.117876499999998], [91.6478026, 26.1180122], [91.6477501, 26.118191499999995], [91.6476678, 26.118409199999995], [91.6481793, 26.1181477], [91.6484148, 26.1177123], [91.6484859, 26.117444299999992], [91.648627, 26.117256], [91.6488944, 26.1171241], [91.6491262, 26.1170498], [91.6493486, 26.1169252], [91.6501554, 26.1167094], [91.6506532, 26.1164628], [91.6516145, 26.116123699999996], [91.6519149, 26.1159079], [91.6520351, 26.115645899999997], [91.6518462, 26.1153607], [91.652284, 26.114975399999995], [91.6531594, 26.1144975], [91.6533654, 26.1140351], [91.6533912, 26.113726800000002], [91.6533687, 26.113454199999996], [91.6532372, 26.1132273], [91.6533378, 26.1125599], [91.65378670000001, 26.112578500000005], [91.6538602, 26.113020999999996], [91.6539319, 26.113395399999998], [91.6540092, 26.1131257], [91.6542237, 26.1130409], [91.6543611, 26.112894499999996], [91.6547301, 26.112987], [91.6550563, 26.113218199999995], [91.655331, 26.113356899999996], [91.6553996, 26.11364979999999], [91.6555982, 26.11373499999999], [91.65569550000001, 26.1136594], [91.6558114, 26.113517399999996], [91.6558631, 26.113341499999997], [91.6560915, 26.1131632], [91.6565927, 26.112817399999997], [91.6569274, 26.112817399999997], [91.6573737, 26.1126633], [91.6579574, 26.112701799999996], [91.6590989, 26.1130409], [91.6603435, 26.113010100000004], [91.6614249, 26.1131642], [91.6619615, 26.113627299999994], [91.6625322, 26.114119899999995], [91.663236, 26.113819299999996], [91.66333040000002, 26.113958099999994], [91.6635621, 26.113827], [91.6636994, 26.1132644], [91.6653131, 26.112085299999997], [91.6659825, 26.111946499999995], [91.6675103, 26.111738399999997], [91.6680339, 26.1120621], [91.6692012, 26.1118001], [91.6705316, 26.112632499999997], [91.6716474, 26.113688299999996], [91.6718105, 26.113724899999998], [91.6721658, 26.1140482], [91.6723983, 26.114262500000002], [91.6722739, 26.114358799999998], [91.6721109, 26.114358799999994], [91.6719564, 26.114589999999996], [91.6722053, 26.115029299999996], [91.67249710000002, 26.1152451], [91.6723683, 26.1155765], [91.6726773, 26.1157229], [91.6730035, 26.115430099999994], [91.6731494, 26.115538], [91.6729777, 26.115884800000003], [91.6729656, 26.116379799999997], [91.6725279, 26.116603], [91.6723809, 26.117077999999996], [91.6720452, 26.117320700000004], [91.6718844, 26.1174248], [91.6716143, 26.117642199999995], [91.6713624, 26.1177442], [91.6708967, 26.117913799999997], [91.6703685, 26.118004099999997], [91.67008, 26.118076499999997], [91.6695582, 26.1181683], [91.6690776, 26.1183016], [91.6682056, 26.1183509], [91.6677764, 26.118859499999996], [91.6675618, 26.1187748], [91.6674159, 26.1183586], [91.6671928, 26.118304699999996], [91.6669095, 26.1185205], [91.6668323, 26.118828699999998], [91.6669164, 26.1192141], [91.6671423, 26.1195609], [91.6674476, 26.119418099999997], [91.6678901, 26.12029819999999], [91.6681163, 26.1204871], [91.6682828, 26.120624299999996], [91.6680682, 26.120739899999993], [91.667785, 26.1205935], [91.66624, 26.1190445], [91.6659482, 26.119021399999994], [91.6654676, 26.119545400000003], [91.6654933, 26.119784299999996], [91.6657165, 26.1199385], [91.665768, 26.120932600000003], [91.6660255, 26.1211021], [91.6659825, 26.121795699999996], [91.6666177, 26.1221656], [91.6667121, 26.1224199], [91.66703830000002, 26.1227051], [91.6669953, 26.122828399999996], [91.6666692, 26.122882299999997], [91.6664031, 26.1225432], [91.6661027, 26.1224122], [91.6659139, 26.122111699999998], [91.6656392, 26.121957599999998], [91.6652616, 26.1220654], [91.6651071, 26.122365999999996], [91.6647809, 26.122250399999995], [91.6652444, 26.1214875], [91.6652444, 26.121009699999995], [91.6651212, 26.120933599999997], [91.6650391, 26.121051799999996], [91.6647249, 26.121168000000004], [91.6647187, 26.121306300000004], [91.6647865, 26.121582899999993], [91.6648399, 26.1218312], [91.6646913, 26.1220119], [91.6646571, 26.122169400000004], [91.66398540000002, 26.122352], [91.6635849, 26.1225567], [91.6628763, 26.122871999999997], [91.6627838, 26.122667300000003], [91.6627961, 26.122528999999997], [91.662716, 26.122329799999996], [91.6627468, 26.122186000000003], [91.6626236, 26.122119599999998], [91.6625065, 26.121699100000008], [91.6623648, 26.1214557], [91.6628947, 26.121256500000005], [91.6630858, 26.121145799999997], [91.6630488, 26.121062799999997], [91.6626852, 26.120719799999996], [91.6626263, 26.120544], [91.6622918, 26.1207476], [91.6620302, 26.120687900000004], [91.66181980000002, 26.120639799999996], [91.6615537, 26.1202082], [91.6612619, 26.120215899999998], [91.660558, 26.120501], [91.6601546, 26.120416300000002], [91.6595538, 26.120570399999995], [91.6588729, 26.1210178], [91.6589126, 26.121159999999996], [91.6582345, 26.121440899999996], [91.6579985, 26.1214418], [91.657863, 26.1214104], [91.6575317, 26.121392199999995], [91.6570218, 26.1213642], [91.6558889, 26.121741800000002], [91.6556927, 26.121923199999998], [91.6553138, 26.122273499999995], [91.6545756, 26.122412200000003], [91.6540092, 26.122219600000005], [91.6535714, 26.1223891], [91.6532367, 26.1227821], [91.6532624, 26.12326759999999], [91.65380320000001, 26.123737699999996], [91.6544984, 26.1241461], [91.6547301, 26.1241461], [91.6549018, 26.124215500000002], [91.6545327, 26.124778099999997], [91.6546186, 26.125093999999997], [91.65456710000001, 26.1254947], [91.6543439, 26.125725899999996], [91.654404, 26.125995599999996], [91.6549018, 26.1261343], [91.6545499, 26.126257600000002], [91.6537603, 26.125995599999992], [91.6541551, 26.1252944], [91.6541207, 26.1244852], [91.6539577, 26.124254], [91.6531852, 26.123922699999998], [91.6525071, 26.122866900000002], [91.651254, 26.123768499999997], [91.6507991, 26.123714599999996], [91.6503957, 26.1239535], [91.65018970000001, 26.1244082], [91.6493056, 26.125178799999997], [91.6482328, 26.126326999999996], [91.64693670000001, 26.127059099999993], [91.6464904, 26.1275291], [91.6464561, 26.1280454], [91.6466964, 26.1283691], [91.6466106, 26.129077999999993], [91.6463187, 26.129077999999996], [91.6458721, 26.129365200000002], [91.6461924, 26.129615099999995], [91.6467155, 26.129732500000003], [91.6468462, 26.1295983], [91.6469583, 26.129506100000004], [91.6472105, 26.128633999999998], [91.6471077, 26.128147699999992], [91.6476214, 26.1281141], [91.6477335, 26.127891899999998], [91.6478363, 26.1276131], [91.64823790000001, 26.127652900000005], [91.64865, 26.1274558], [91.6487632, 26.127560699999997], [91.64884030000002, 26.127787099999995], [91.6488263, 26.127971599999995], [91.6490038, 26.1280722], [91.649396, 26.1280554], [91.6497603, 26.128675900000005], [91.6500685, 26.128709499999996], [91.650246, 26.128592099999995], [91.6501993, 26.128424400000004], [91.6499805, 26.1279385], [91.6504502, 26.1277962], [91.6506664, 26.127540599999993], [91.6508606, 26.127199900000004], [91.6513536, 26.127765000000004], [91.6516672, 26.127821600000004], [91.6522465, 26.127686799999996], [91.6531907, 26.1282454], [91.6535983, 26.1289582], [91.6540275, 26.129420600000003], [91.654285, 26.129170200000004], [91.6546498, 26.129536200000004], [91.6546283, 26.129882999999992], [91.65467120000001, 26.1304802], [91.6551218, 26.130634299999997], [91.6556583, 26.1305957], [91.6559372, 26.1301719], [91.6558299, 26.129863699999998], [91.655787, 26.129227999999998], [91.6554008, 26.128707799999997], [91.6551433, 26.128399599999995], [91.6552506, 26.128149100000005], [91.6557012, 26.1281299], [91.6558085, 26.12772530000001], [91.6558085, 26.127513399999998], [91.6561089, 26.12764819999999], [91.656302, 26.1274941], [91.65634490000001, 26.127166599999995], [91.6559587, 26.1267235], [91.656581, 26.126068499999995], [91.6563664, 26.1255291], [91.6568385, 26.125529100000005], [91.65698870000001, 26.12606849999999], [91.6568599, 26.126684999999995], [91.6567955, 26.1276097], [91.6563235, 26.128206899999995], [91.6563664, 26.128592199999996], [91.656817, 26.129112400000004], [91.6570946, 26.1286094], [91.6576324, 26.1285152], [91.6583619, 26.1276868], [91.6582298, 26.1271753], [91.6585205, 26.1268975], [91.65885290000001, 26.126517699999997], [91.6592856, 26.126320499999995], [91.6597784, 26.1263825], [91.6597646, 26.126632599999994], [91.6592048, 26.126874400000002], [91.6590353, 26.1271162], [91.6590226, 26.127451899999997], [91.6595989, 26.127933500000005], [91.6596223, 26.1285319], [91.6599069, 26.128938999999992], [91.6602717, 26.1293821], [91.6593061, 26.129671], [91.6592417, 26.1299022], [91.6593705, 26.13024899999999], [91.6598856, 26.1304059], [91.6601572, 26.13029029999999], [91.6604325, 26.1299724], [91.6610207, 26.129794199999996], [91.6612449, 26.129701499999996], [91.6615133, 26.129548199999995], [91.661619, 26.129416799999998], [91.6614502, 26.12905719999999], [91.6613821, 26.1287388], [91.6612424, 26.128367800000003], [91.6609774, 26.1282481], [91.6611352, 26.127821699999995], [91.6616403, 26.128225899999997], [91.6617877, 26.128615599999993], [91.6620174, 26.128927699999995], [91.6622532, 26.128774399999998], [91.6623284, 26.1286247], [91.66225220000001, 26.128301700000005], [91.6623873, 26.128139299999997], [91.6626516, 26.128351], [91.6629036, 26.1281758], [91.6624483, 26.127533299999996], [91.662245, 26.1274019], [91.6622247, 26.127190199999998], [91.6623833, 26.127066100000004], [91.6626435, 26.127093499999997], [91.6627736, 26.127281499999995], [91.6628874, 26.1274822], [91.6633427, 26.127854499999994], [91.6635704, 26.1278326], [91.6636598, 26.1278399], [91.6637594, 26.127598999999993], [91.6637442, 26.12688], [91.663342, 26.126612600000005], [91.6631896, 26.1263913], [91.6633833, 26.126325099999995], [91.6636095, 26.126506999999997], [91.6638504, 26.1265351], [91.6640379, 26.125927299999997], [91.66428920000001, 26.126510399999994], [91.6645269, 26.126101399999996], [91.6645644, 26.1257801], [91.6647808, 26.125823700000005], [91.6651207, 26.125810900000005], [91.66515160000002, 26.126323699999997], [91.66479070000001, 26.12638559999999], [91.6648007, 26.126772299999992], [91.6643365, 26.126859], [91.6641975, 26.1270917], [91.6640969, 26.12729239999999], [91.6641396, 26.127898299999995], [91.6642615, 26.127985999999996], [91.6643672, 26.128073599999997], [91.6645497, 26.128102799999997], [91.6652758, 26.1278582], [91.6654274, 26.1277286], [91.665609, 26.1276857], [91.665758, 26.127788799999998], [91.6659231, 26.127777899999998], [91.6659928, 26.1276876], [91.66602240000002, 26.12739489999999], [91.6660291, 26.127211999999997], [91.6661463, 26.1270841], [91.6663936, 26.1274526], [91.6668719, 26.127036099999998], [91.6672475, 26.126347999999993], [91.6675421, 26.1266658], [91.66760570000001, 26.126734399999997], [91.6680083, 26.1268357], [91.6684179, 26.126893800000005], [91.6685836, 26.1269374], [91.6685409, 26.127301899999996], [91.6685491, 26.127489799999992], [91.6680127, 26.1274859], [91.667834, 26.127595099999994], [91.6677609, 26.128155399999997], [91.6675089, 26.128146199999996], [91.6673952, 26.1276168], [91.6672004, 26.127265899999998], [91.6669436, 26.127451899999997], [91.6665341, 26.12790379999999], [91.666511, 26.128029699999992], [91.666674, 26.128242799999995], [91.6668694, 26.1283712], [91.667211, 26.128326], [91.6674712, 26.1283148], [91.6676338, 26.128551899999998], [91.6676501, 26.128938399999992], [91.6679875, 26.128960099999997], [91.6682996, 26.128823200000003], [91.6684881, 26.128637999999995], [91.668314, 26.1285234], [91.6684628, 26.128320199999997], [91.6691714, 26.128320700000003], [91.6697371, 26.1282699], [91.6696524, 26.128438099999997], [91.669606, 26.1288252], [91.6691856, 26.1292853], [91.669066, 26.129577599999998], [91.6689302, 26.1294756], [91.6687447, 26.129505700000003], [91.6686324, 26.129718299999997], [91.6686857, 26.1298189], [91.6685763, 26.13010929999999], [91.668325, 26.1299601], [91.6679266, 26.130047300000005], [91.6677879, 26.130259699999996], [91.66779980000001, 26.130511899999995], [91.6680508, 26.130808599999998], [91.6678952, 26.131061399999993], [91.6676491, 26.1307933], [91.6674193, 26.130835499999996], [91.6673359, 26.130644], [91.6673966, 26.1303634], [91.6673717, 26.130094], [91.6672722, 26.1298487], [91.6668942, 26.12953329999999], [91.666561, 26.129165399999998], [91.6664964, 26.128648399999996], [91.6663354, 26.128610099999996], [91.6661598, 26.128445900000003], [91.6658573, 26.128423999999995], [91.6657614, 26.128907600000005], [91.6654703, 26.128938600000005], [91.6654549, 26.1291768], [91.6651955, 26.129225099999996], [91.6650996, 26.1288401], [91.6650411, 26.128453199999996], [91.6647519, 26.128584600000003], [91.6642171, 26.128664899999997], [91.6641592, 26.128871500000002], [91.6640038, 26.128917599999998], [91.6642794, 26.129781299999994], [91.6642058, 26.1297605], [91.6640671, 26.129404], [91.6638945, 26.128999699999998], [91.6639008, 26.128829099999997], [91.663796, 26.128555399999996], [91.6635501, 26.128584600000003], [91.6633834, 26.128701399999994], [91.6633173, 26.1289204], [91.6632187, 26.1289788], [91.6631029, 26.1289058], [91.6628711, 26.129022599999995], [91.6627492, 26.1294679], [91.6630637, 26.1297544], [91.66334160000001, 26.1299501], [91.6636513, 26.1300334], [91.6637004, 26.1301699], [91.6639932, 26.1302332], [91.664042, 26.130549599999995], [91.663912, 26.130559400000003], [91.6637658, 26.130466999999996], [91.6632482, 26.13025989999999], [91.6625113, 26.1300007], [91.6621271, 26.130168599999998], [91.6618141, 26.1303876], [91.6617165, 26.130504399999992], [91.6616519, 26.130694799999997], [91.6619591, 26.131157100000003], [91.6628494, 26.1321517], [91.6632334, 26.132227200000003], [91.66333560000001, 26.132157499999998], [91.6634536, 26.1318192], [91.6634017, 26.131539399999998], [91.6635986, 26.131503399999996], [91.663892, 26.1315252], [91.6648242, 26.1313798], [91.6651675, 26.1312089], [91.6653629, 26.131635499999998], [91.6656057, 26.1319575], [91.66600430000001, 26.1321861], [91.66686550000001, 26.1327771], [91.6666083, 26.133202799999996], [91.6664803, 26.133355399999996], [91.6659842, 26.132821699999997], [91.6655158, 26.132478699999993], [91.6647604, 26.131871399999994], [91.6643022, 26.131854], [91.6640223, 26.132005699999997], [91.6639061, 26.132331299999997], [91.6639132, 26.133032899999996], [91.663646, 26.133117399999996], [91.6636246, 26.1334834], [91.6640752, 26.133647099999997], [91.66469750000002, 26.1338109], [91.6651411, 26.133588700000004], [91.6661226, 26.133151800000004], [91.6661982, 26.1331979], [91.6650326, 26.1338621], [91.6651695, 26.133887899999987], [91.6660728, 26.1334048], [91.66621170000002, 26.133391999999994], [91.665824, 26.133849400000003], [91.6657221, 26.134215399999995], [91.6651481, 26.134205799999997], [91.6646867, 26.134379199999998], [91.6649013, 26.1347548], [91.6654056, 26.135169000000005], [91.66556110000002, 26.135274899999995], [91.6654699, 26.135766100000005], [91.6655665, 26.1364307], [91.6656703, 26.136657499999995], [91.66565230000002, 26.136950899999995], [91.6656631, 26.1372205], [91.6660386, 26.137952599999995], [91.6658669, 26.1380489], [91.6652554, 26.1374324], [91.6651588, 26.137220499999998], [91.6652768, 26.1370664], [91.6648799, 26.136796800000003], [91.6646331, 26.1369316], [91.6645258, 26.1365945], [91.6645258, 26.1363152], [91.6643166, 26.136088799999996], [91.6640216, 26.135833599999998], [91.6639035, 26.135477199999997], [91.6634958, 26.1353038], [91.6633778, 26.1350341], [91.6631847, 26.1346392], [91.6626161, 26.134485100000003], [91.6624659, 26.134330999999996], [91.6618509, 26.135174099999997], [91.6621622, 26.135377199999997], [91.6616929, 26.135740900000002], [91.661812, 26.136090600000003], [91.6619897, 26.136184599999996], [91.6624122, 26.1361716], [91.66257450000002, 26.13624619999999], [91.6624764, 26.136395300000004], [91.6626529, 26.136700099999995], [91.6628595, 26.1369592], [91.6634646, 26.137378799999997], [91.6640354, 26.1370558], [91.66422330000002, 26.1372666], [91.6639611, 26.137450200000004], [91.6636306, 26.1376817], [91.66424580000002, 26.1386013], [91.6648732, 26.1391104], [91.6654053, 26.1392842], [91.6657642, 26.1394014], [91.6662212, 26.139497999999993], [91.6665578, 26.139779999999995], [91.6665805, 26.139798999999996], [91.6668765, 26.1401966], [91.6663024, 26.1405942], [91.6659072, 26.140670600000004], [91.6643962, 26.140048300000004], [91.6638927, 26.139831999999995], [91.6632832, 26.139760399999997], [91.6629509, 26.139536099999994], [91.6626268, 26.13973800000001], [91.6625617, 26.139895199999998], [91.6623193, 26.139859100000002], [91.6616893, 26.139785200000002], [91.661849, 26.139620700000002], [91.6618928, 26.139480299999995], [91.6617869, 26.1394117], [91.6615745, 26.1395776], [91.6614554, 26.1396513], [91.6611706, 26.139605800000005], [91.661152, 26.139489700000002], [91.6611709, 26.1392157], [91.6611623, 26.138784399999995], [91.6613031, 26.138730400000007], [91.66173420000001, 26.138781699999996], [91.66216380000002, 26.138841999999993], [91.6626847, 26.138883099999997], [91.663385, 26.1388194], [91.6636738, 26.138820099999997], [91.6615733, 26.136805300000002], [91.6612859, 26.136520000000004], [91.6609489, 26.136150899999993], [91.6605971, 26.135775700000003], [91.6602585, 26.135495800000005], [91.6600707, 26.135380199999997], [91.6600546, 26.135317599999993], [91.6598722, 26.135110499999996], [91.6597596, 26.1349227], [91.6595021, 26.1346482], [91.659148, 26.1341955], [91.6590408, 26.134132899999997], [91.6589925, 26.134070300000005], [91.6590408, 26.1340077], [91.6590461, 26.133940199999998], [91.6591105, 26.133887299999994], [91.6592604, 26.1338406], [91.6596249, 26.1341649], [91.6600642, 26.1345532], [91.66046, 26.13497359999999], [91.6606045, 26.1348908], [91.6607399, 26.134963999999997], [91.6607787, 26.135046899999995], [91.660674, 26.135145199999993], [91.6609416, 26.135316799999995], [91.6611657, 26.1353415], [91.6614144, 26.134959399999996], [91.6611677, 26.1348922], [91.6612299, 26.1340658], [91.66047480000002, 26.134029099999996], [91.6610014, 26.133594099999996], [91.66121060000002, 26.132760999999995], [91.6606447, 26.132171], [91.6603295, 26.1321265], [91.6599788, 26.1322679], [91.6599634, 26.1319595], [91.659113, 26.1321369], [91.6582547, 26.131751599999998], [91.6576324, 26.1311929], [91.6572891, 26.1318094], [91.6567787, 26.132284], [91.6568097, 26.132770399999995], [91.6569606, 26.133336399999997], [91.6572225, 26.133503], [91.657559, 26.133544400000005], [91.6578019, 26.1338083], [91.6579887, 26.133920399999994], [91.6582876, 26.13390099999999], [91.6584371, 26.134015699999992], [91.6582877, 26.134186500000002], [91.6579514, 26.134323700000003], [91.657961, 26.135006599999997], [91.65811390000002, 26.135219799999998], [91.6580801, 26.135600699999994], [91.6579751, 26.1362787], [91.6581981, 26.136835799999997], [91.6585618, 26.1373658], [91.6582903, 26.1374095], [91.6578584, 26.137030999999993], [91.6575853, 26.136363300000003], [91.6573682, 26.1362656], [91.6570547, 26.136379600000005], [91.6567895, 26.136659599999994], [91.65635620000002, 26.1371744], [91.656457, 26.1374239], [91.6566497, 26.1377019], [91.6558423, 26.138337699999997], [91.655488, 26.138518500000004], [91.655212, 26.138874999999995], [91.6550335, 26.138815499999996], [91.65479860000002, 26.138849799999996], [91.6553288, 26.1383197], [91.6556854, 26.138053600000003], [91.655691, 26.1376674], [91.6557512, 26.137113999999997], [91.6556591, 26.1370159], [91.65532, 26.136968699999997], [91.65518640000002, 26.137099299999992], [91.6549733, 26.137423700000003], [91.6548586, 26.137593199999994], [91.65475680000002, 26.137783199999998], [91.6545981, 26.1378564], [91.6544516, 26.137915199999995], [91.65408050000002, 26.1380083], [91.6538233, 26.137831399999996], [91.6545123, 26.1376017], [91.6545894, 26.137456100000005], [91.6545287, 26.137136299999995], [91.6546306, 26.137006299999996], [91.654745, 26.136768200000002], [91.6544994, 26.1366992], [91.6543107, 26.1365863], [91.6539736, 26.136312799999995], [91.6547179, 26.136418899999995], [91.6551348, 26.136413499999996], [91.6553647, 26.1364958], [91.6558082, 26.1366019], [91.6561849, 26.136523599999997], [91.6564054, 26.136048999999993], [91.6567941, 26.135876299999996], [91.6572725, 26.1354302], [91.657262, 26.135129799999998], [91.6572141, 26.134930099999995], [91.6569083, 26.134681499999996], [91.6571815, 26.134365900000002], [91.6570987, 26.134187499999996], [91.65670380000002, 26.134104299999994], [91.6562607, 26.133770599999995], [91.6561654, 26.1338109], [91.6561094, 26.1339667], [91.6561189, 26.1341361], [91.6560271, 26.1343171], [91.6559139, 26.134324700000004], [91.6558188, 26.1341426], [91.6557391, 26.1340611], [91.6557261, 26.1338952], [91.6557881, 26.133767699999996], [91.6557911, 26.133490099999996], [91.6558138, 26.1332222], [91.6557507, 26.133089099999996], [91.6555274, 26.1329886], [91.6553364, 26.133080799999995], [91.6548573, 26.1334863], [91.6544721, 26.1338546], [91.6545492, 26.134150000000005], [91.65423, 26.134254799999997], [91.6536905, 26.13446439999999], [91.6535394, 26.1342784], [91.6538412, 26.133952599999997], [91.653907, 26.133682399999998], [91.6541234, 26.1333962], [91.6540432, 26.133164099999995], [91.6537931, 26.132970099999994], [91.6530044, 26.132674499999993], [91.6525999, 26.1326298], [91.6524297, 26.1327939], [91.6525914, 26.133097199999995], [91.6526072, 26.133402199999995], [91.6524115, 26.133678], [91.6521787, 26.1338966], [91.6520922, 26.134231999999994], [91.6520083, 26.1343924], [91.652097, 26.1347208], [91.6520557, 26.134961600000004], [91.6518268, 26.134946900000003], [91.6514801, 26.1347567], [91.6508189, 26.134838699999996], [91.6504788, 26.134921199999994], [91.6504964, 26.134580300000003], [91.6508149, 26.134553399999998], [91.6511334, 26.134541], [91.6514697, 26.134310600000003], [91.6514955, 26.1339838], [91.6517328, 26.1337445], [91.6520284, 26.133251399999992], [91.6519218, 26.133014599999996], [91.651674, 26.132680499999992], [91.6519353, 26.132263999999992], [91.6515013, 26.132000699999992], [91.6520593, 26.1317521], [91.6524435, 26.1319848], [91.6542744, 26.132607], [91.6544253, 26.1324024], [91.6543494, 26.132156200000004], [91.6542635, 26.131925], [91.65407040000001, 26.131847899999997], [91.6537271, 26.1317709], [91.653534, 26.1315782], [91.6531907, 26.131443399999995], [91.6530404, 26.131192899999995], [91.6524182, 26.1307113], [91.6522731, 26.130763000000005], [91.6521522, 26.131603799999997], [91.6517885, 26.131522199999996], [91.6510984, 26.131795099999998], [91.6507975, 26.131754299999997], [91.650758, 26.131461999999992], [91.6505375, 26.131357700000002], [91.6504459, 26.1312385], [91.6508961, 26.131085699999996], [91.6510902, 26.130893999999994], [91.6515302, 26.130613499999995], [91.6514587, 26.1302718], [91.6513158, 26.129706], [91.6511046, 26.129630799999997], [91.650843, 26.1296811], [91.6506095, 26.129731399999997], [91.6504554, 26.129794299999997], [91.6502546, 26.129777499999996], [91.6501425, 26.12992849999999], [91.6492789, 26.13018269999999], [91.6489743, 26.1306655], [91.6486445, 26.130646999999996], [91.6485949, 26.1303769], [91.6483033, 26.130202099999998], [91.6480978, 26.1301853], [91.6479818, 26.130259099999996], [91.6482264, 26.130919700000003], [91.6480634, 26.130906099999997], [91.647984, 26.1310908], [91.647879, 26.131137399999997], [91.6476904, 26.131327100000004], [91.647356, 26.131764100000005], [91.6474141, 26.132112699999997], [91.6476601, 26.132038300000005], [91.6479147, 26.1319956], [91.648204, 26.131952899999998], [91.648397, 26.132047199999995], [91.648634, 26.132267], [91.648796, 26.132525399999995], [91.6486478, 26.132570199999996], [91.6486089, 26.132736799999996], [91.6484667, 26.132704], [91.6482896, 26.132474799999997], [91.6482306, 26.132396700000005], [91.6481654, 26.132436499999997], [91.6481264, 26.1325115], [91.6481528, 26.1328644], [91.6481262, 26.132954099999992], [91.6480726, 26.133132299999996], [91.64811010000001, 26.133531999999995], [91.6481155, 26.133743899999995], [91.6472626, 26.133816099999994], [91.6471446, 26.1337776], [91.6470802, 26.133536800000005], [91.64693, 26.133469399999996], [91.646474, 26.133474200000002], [91.6461521, 26.133479000000005], [91.6460288, 26.133011900000003], [91.6458195, 26.132742199999996], [91.645723, 26.132621799999995], [91.6456532, 26.1322798], [91.6456908, 26.132188299999996], [91.64583560000001, 26.132101599999995], [91.6465371, 26.131964], [91.64643880000001, 26.131125899999997], [91.6462781, 26.1310163], [91.64619770000002, 26.1306967], [91.6461924, 26.130386599999998], [91.6457721, 26.130348799999993], [91.6454686, 26.130103599999998], [91.6456133, 26.130026], [91.64551370000001, 26.1295956]]], [[[91.6538461, 26.113934899999997], [91.6539233, 26.1141122], [91.6537603, 26.1145129], [91.6535457, 26.1148983], [91.6536487, 26.115052399999996], [91.6539319, 26.115052399999993], [91.6541293, 26.114890600000003], [91.6544812, 26.1143973], [91.6546186, 26.114243200000004], [91.6546443, 26.1138039], [91.65456710000001, 26.11368059999999], [91.654374, 26.113694099999996], [91.6542238, 26.1138073], [91.6540843, 26.113775999999994], [91.653889, 26.11375], [91.6538461, 26.113934899999997]]], [[[91.6652015, 26.1204856], [91.6650706, 26.120136700000003], [91.6648484, 26.119967799999998], [91.6645336, 26.119954199999995], [91.6645727, 26.119516799999996], [91.6646142, 26.119074300000005], [91.6647022, 26.1188114], [91.6647052, 26.118525199999997], [91.66454920000001, 26.118505], [91.6641629, 26.1184742], [91.6636222, 26.1189443], [91.6633647, 26.1188441], [91.663236, 26.118936599999998], [91.6627467, 26.118859499999996], [91.6628068, 26.1190753], [91.66321020000001, 26.1193605], [91.6633046, 26.119761199999996], [91.6630643, 26.120277499999997], [91.6632953, 26.120625699999998], [91.6634124, 26.120780700000005], [91.6635171, 26.120780699999997], [91.6636527, 26.1206977], [91.6636465, 26.120598099999995], [91.6637698, 26.12057039999999], [91.6639731, 26.1205594], [91.66393, 26.1200669], [91.6640902, 26.120033699999997], [91.6641641, 26.1200835], [91.6643428, 26.1200946], [91.6646571, 26.120100099999995], [91.6648017, 26.1200754], [91.6649066, 26.120113699999997], [91.6650266, 26.120308899999998], [91.6651674, 26.120527300000003], [91.6652015, 26.1204856]]]]}, "properties": {"id": "buffer-9630968", "name": "200 m watch buffer", "kind": "watch_buffer", "source": "Derived: buffer of OSM outline (display only)", "official": false}}, {"type": "Feature", "geometry": {"type": "Polygon", "coordinates": [[[91.6274357, 26.1366383], [91.6251826, 26.133768], [91.6275, 26.1309361], [91.6256332, 26.1258695], [91.6248822, 26.1220356], [91.6261053, 26.1199741], [91.627543, 26.1191264], [91.6278863, 26.1180668], [91.6268563, 26.116352], [91.6267276, 26.1134234], [91.625719, 26.1119591], [91.6220283, 26.1098011], [91.6181659, 26.1080477], [91.6144538, 26.1057162], [91.6149258, 26.1019202], [91.6187775, 26.1043289], [91.6215241, 26.1064966], [91.6239381, 26.1074504], [91.6269529, 26.1079224], [91.6287231, 26.1081826], [91.6323388, 26.1089148], [91.6360509, 26.1100227], [91.6378641, 26.1108994], [91.6441726, 26.1126142], [91.6489792, 26.113751], [91.6552233, 26.1141556], [91.6586566, 26.1135776], [91.6633343, 26.1130188], [91.6671967, 26.1122866], [91.6691923, 26.1127683], [91.6706943, 26.1137124], [91.6715312, 26.1147529], [91.6723037, 26.1157933], [91.6738057, 26.1180282], [91.6743636, 26.1206099], [91.6742563, 26.1216888], [91.6724324, 26.1240007], [91.6715634, 26.1258213], [91.6696, 26.128162], [91.6668212, 26.1312829], [91.6650617, 26.1334212], [91.6634309, 26.1360122], [91.6601801, 26.1365131], [91.6576803, 26.1374762], [91.6552234, 26.1380541], [91.6537857, 26.1374955], [91.6524553, 26.1360604], [91.6517043, 26.1352898], [91.649977, 26.1343459], [91.6481209, 26.1339799], [91.6462326, 26.1337391], [91.6447627, 26.1340955], [91.6438615, 26.1340088], [91.6418552, 26.1326218], [91.6403532, 26.1312251], [91.6379285, 26.1293275], [91.6360295, 26.1292505], [91.6346669, 26.1310903], [91.6340446, 26.1340569], [91.6314268, 26.1360219], [91.6274357, 26.1366383]]]}, "properties": {"id": "osm-way-677514328", "name": "Deepor Beel Wildlife Sanctuary (OSM)", "kind": "protected_area", "source": "OpenStreetMap way/677514328 (ODbL)", "official": false, "buffer_m": 200.0}}]}